number,theme,sub_theme,year,set_name,minifigs,pieces,width,height,depth,launch_date,exit_date
10123-1,Star Wars,Episode V,2003,Cloud City,8,698,57.6,38.4,7.2,1/10/03,31/03/2005
YODA-1,Star Wars,Promotional,2013,"Yoda minifig, NY I Heart Torso",1,3,,,,,
10143-1,Star Wars,Ultimate Collector Series,2005,Death Star II,,3441,59.3,51,21.2,1/9/05,31/12/2007
4521221-1,Star Wars,Minifig Pack,2007,Gold Chrome Plated C-3PO,1,1,,,,,
10179-1,Star Wars,Ultimate Collector Series,2007,Ultimate Collector's Millennium Falcon,5,5197,65.2,48,19.2,1/10/07,31/12/2009
SW117PROMO-1,Star Wars,Promotional,2005,Darth Vader (Nürnberg Toy Fair 2005 Exclusive Figure),1,2,,,,,
10018-1,Star Wars,Ultimate Collector Series,2001,Darth Maul,,1868,57.6,48,11.4,29/10/2001,31/10/2002
10030-1,Star Wars,Ultimate Collector Series,2002,Imperial Star Destroyer,,3096,59.3,51,21.2,6/12/02,31/12/2007
10019-1,Star Wars,Ultimate Collector Series,2001,Rebel Blockade Runner,,1747,65.2,48,11.4,5/11/01,31/12/2003
10195-1,Star Wars,The Clone Wars,2009,Republic Dropship with AT-OT Walker,8,1758,58.2,48,9.1,1/5/09,31/12/2011
COMCON001-1,Star Wars,Promotional,2008,Clone Wars (SDCC 2008 exclusive),5,351,,,,,
COMCON005-1,Star Wars,Promotional,2009,Collectable Display Set 2,3,2,,,,,
COMCON007-1,Star Wars,Promotional,2009,Collectable Display Set 5,3,4,,,,,
65153-1,Star Wars,Product Collection,2002,Jango Fett's Slave I with Bonus Cargo Case,,369,,,,,
7181-1,Star Wars,Ultimate Collector Series,2000,TIE Interceptor,,703,53.2,43.2,7.2,1/7/00,31/12/2001
10221-1,Star Wars,Ultimate Collector Series,2011,Super Star Destroyer ,5,3152,58.5,49,19,1/9/11,31/12/2014
75188-2,Star Wars,The Last Jedi,2018,Resistance Bomber (Finch Dallow version),6,778,,,,,
COMCON006-1,Star Wars,Promotional,2009,Collectable Display Set 4,3,15,,,,,
7191-1,Star Wars,Ultimate Collector Series,2000,X-wing Fighter,1,1300,59.2,43.2,7.2,1/7/00,28/02/2002
10212-1,Star Wars,Ultimate Collector Series,2010,Imperial Shuttle,5,2503,58.2,48,9.1,1/9/10,31/12/2012
7153-1,Star Wars,Episode II,2002,Jango Fett's Slave I,2,369,28.8,38.4,7.2,23/04/2002,31/12/2003
10026-1,Star Wars,Ultimate Collector Series,2002,Special Edition Naboo Starfighter,,187,28.8,28.8,6,1/10/02,31/12/2002
10175-1,Star Wars,Ultimate Collector Series,2006,Vader's TIE Advanced,,1212,57.6,38.4,9.6,1/10/06,31/12/2008
YODACHRON-1,Star Wars,Original Content,2013,Yoda Chronicles Promotional Set,3,408,,,,,
COMCON009-1,Star Wars,Promotional,2009,Collectable Display Set 6,3,5,,,,,
10129-1,Star Wars,Ultimate Collector Series,2003,Rebel Snowspeeder,,1457,57.6,38.4,9.6,29/09/2003,31/07/2005
COMCON008-1,Star Wars,Promotional,2009,Collectable Display Set 3,3,5,,,,,
7163-1,Star Wars,Episode II,2002,Republic Gunship,8,686,57.6,38.4,7.2,23/04/2002,31/12/2003
75159-1,Star Wars,Ultimate Collector Series,2016,Death Star,27,4016,58.5,49,19,1/10/16,31/12/2020
COMCON019-1,Star Wars,Promotional,2012,Sith Infiltrator (SDCC 2012 exclusive),1,84,,,,,
75313-1,Star Wars,Ultimate Collector Series,2021,AT-AT,9,6785,49.9,49.9,37.9,26/11/2021,31/12/2023
66473-1,Star Wars,Product Collection,2013,LEGO Star Wars Super Pack,,1360,,,,,
75192-1,Star Wars,Ultimate Collector Series,2017,Millennium Falcon,8,7541,53.3,46,38.5,1/10/17,31/12/2023
75252-1,Star Wars,Ultimate Collector Series,2019,Imperial Star Destroyer,2,4784,53.3,46,38.5,1/10/19,31/12/2022
10134-1,Star Wars,Ultimate Collector Series,2004,Y-wing Attack Starfighter,1,1473,57.6,38.4,9.6,1/10/04,31/07/2006
7662-1,Star Wars,Episode I,2007,Trade Federation MTT,21,1330,65.2,38.4,9.6,1/6/07,31/12/2008
CELEB2017-1,Star Wars,Promotional,2017,Detention Block Rescue,2,220,,,,,
75222-1,Star Wars,Master Builder Series,2018,Betrayal at Cloud City,21,2812,58.2,48,12.4,1/10/18,31/12/2019
COMCON024-1,Star Wars,Promotional,2012,Luke Skywalker's Landspeeder - Mini - New York Comic-Con 2012 Exclusive,1,110,,,,,
75331-1,Star Wars,Ultimate Collector Series,2022,The Razor Crest,,6187,52.3,48,23.8,3/10/22,31/12/2024
75053-1,Star Wars,Rebels,2014,The Ghost,4,929,54.0004,28.194,9.0932,1/6/14,31/12/2015
66512-1,Star Wars,Product Collection,2014,Rebels Co-Pack,,1163,,,,,
10188-1,Star Wars,Ultimate Collector Series,2008,Death Star,24,3803,58.801,50.1904,17.6022,1/9/08,31/12/2010
4504-1,Star Wars,Episode V,2004,Millennium Falcon,5,985,57.6,38.4,9.6,1/6/04,31/12/2005
8039-1,Star Wars,The Clone Wars,2009,Venator-Class Republic Attack Cruiser,5,1170,58.2,37.8,8.7,1/6/09,31/12/2011
7676-1,Star Wars,The Clone Wars,2008,Republic Attack Gunship,7,1034,65.2,38.4,9.6,26/07/2008,30/06/2010
7675-1,Star Wars,The Clone Wars,2008,AT-TE Walker,6,798,48,38.4,9.6,26/07/2008,30/06/2010
7261-2,Star Wars,Episode III,2006,"Clone Turbo Tank (non-light-up, 2006 edition)",8,813,,,,,
10178-1,Star Wars,Episode V,2007,Motorized Walking AT-AT,4,1137,57.6,38.4,7.2,1/10/07,31/12/2010
10174-1,Star Wars,Ultimate Collector Series,2006,Imperial AT-ST,,1068,48,38.4,7.2,1/7/06,31/12/2008
TF05-1,Star Wars,Promotional,2005,Toy Fair 2005 Star Wars V.I.P. Gala Set,3,53,,,,,
COMCON004-1,Star Wars,Promotional,2009,Collectable Display Set 1,3,5,,,,,
COMCON039-1,Star Wars,Rebels,2014,The Ghost Starship,1,132,,,,,
7194-1,Star Wars,Ultimate Collector Series,2002,Yoda,,1075,57.6,38.4,7.2,1/1/02,31/12/2003
75098-1,Star Wars,Ultimate Collector Series,2016,Assault on Hoth,15,2144,58.1914,48.006,9.0932,1/5/16,31/12/2017
10236-1,Star Wars,Ultimate Collector Series,2013,Ewok Village,17,1990,58.1914,48.006,9.0932,1/9/13,31/12/2016
4482-1,Star Wars,Episode II,2003,AT-TE,4,658,48,38.4,7.2,1/1/03,31/12/2004
65771-1,Star Wars,Product Collection,2005,Episode III Collectors' Set,,544,,,,,
75059-1,Star Wars,Ultimate Collector Series,2014,Sandcrawler,14,3296,58.1914,48.006,16.9926,1/5/14,31/12/2016
66456-1,Star Wars,Product Collection,2013,Star Wars Value Pack,,821,,,,,
6210-1,Star Wars,Episode VI,2006,Jabba's Sail Barge,8,781,48,38.4,7.2,1/6/06,31/12/2007
75021-1,Star Wars,Episode II,2013,Republic Gunship,7,1175,48,37.8,9.4,1/6/13,31/12/2014
7190-1,Star Wars,Episode IV,2000,Millennium Falcon,6,663,53.2,43.2,7.2,1/7/00,28/02/2002
10227-1,Star Wars,Ultimate Collector Series,2012,B-wing Starfighter,,1487,58.2,48,12.7,1/10/12,31/12/2013
7186-1,Star Wars,Episode I,2001,Watto's Junkyard,2,443,38.4,28.8,7.2,1/1/01,31/12/2001
FANEXPO001-1,Star Wars,Rebels,2014,The Ghost Starship (FAN EXPO edition),1,134,,,,,
75060-1,Star Wars,Ultimate Collector Series,2015,Slave I,5,1996,58.1914,37.7952,11.811,1/1/15,31/12/2018
65145-1,Star Wars,Product Collection,2002,X-wing Fighter / TIE Fighter & Y-wing Collectors Set,,677,,,,,
77901-1,Star Wars,Promotional,2019,Sith Trooper Bust,,484,,,,,
7261-1,Star Wars,Episode III,2005,Clone Turbo Tank,7,801,57.6,38.4,9.6,2/4/05,1/4/06
4483-1,Star Wars,Episode V,2003,AT-AT,4,1064,57.6,38.4,9.6,1/6/03,31/12/2004
7283-1,Star Wars,Episode III,2005,Ultimate Space Battle,4,567,43.2,28.8,6,1/10/05,31/12/2005
COMCON015-1,Star Wars,Seasonal,2011,Advent calendar (SDCC 2011 exclusive),,266,,,,,
7260-1,Star Wars,Episode III,2005,Wookiee Catamaran,6,376,48,28.8,7.2,2/4/05,31/12/2005
7665-1,Star Wars,Episode I,2007,Republic Cruiser,5,919,57.6,38.4,7.2,1/9/07,31/12/2008
7964-1,Star Wars,The Clone Wars,2011,Republic Frigate,5,1015,58.19,37.8,8.71,1/6/11,31/12/2012
6211-1,Star Wars,Episode IV,2006,Imperial Star Destroyer,9,1367,65.2,38.4,9.6,1/6/06,31/12/2008
COMCON032-1,Star Wars,Promotional,2013,Jek-14 Mini Stealth Starfighter,1,127,,,,,
10144-1,Star Wars,Episode IV,2005,Sandcrawler,11,1669,57.6,38.4,9.6,15/06/2005,31/12/2008
CELEB2015-1,Star Wars,Promotional,2015,Tatooine Mini-build,1,178,,,,,
75181-1,Star Wars,Ultimate Collector Series,2018,Y-wing Starfighter,2,1967,58.2,37.8,11.8,4/5/18,31/12/2019
10240-1,Star Wars,Ultimate Collector Series,2013,Red Five X-wing Starfighter,1,1559,58.1914,37.7952,8.7122,1/6/13,31/12/2015
75020-1,Star Wars,Episode VI,2013,Jabba's Sail Barge,6,850,48,37.8,7.1,1/6/13,31/12/2014
COMCON010-1,Star Wars,The Clone Wars,2009,Mini Republic Dropship Mini AT-TE Brickmaster Pack (SDCC 2009 exclusive),,94,,,,,
9526-1,Star Wars,Episode III,2012,Palpatine's Arrest,6,645,54,28.2,7.9,1/8/12,31/12/2013
8098-1,Star Wars,The Clone Wars,2010,Clone Turbo Tank,6,1141,58.19,37.8,8.71,1/6/10,31/07/2012
9515-1,Star Wars,The Clone Wars,2012,Malevolence,6,1101,58.2,37.8,8.7,1/6/12,31/12/2013
9516-1,Star Wars,Episode VI,2012,Jabba's Palace,10,717,58.2,37.8,8.7,1/6/12,31/12/2013
66495-1,Star Wars,Product Collection,2014,Star Wars Value Pack,,840,,,,,
7672-1,Star Wars,Legends,2008,Rogue Shadow,3,482,48,28.8,7.2,1/1/08,31/12/2009
75144-1,Star Wars,Ultimate Collector Series,2017,Snowspeeder,2,1703,58.2,37.8,8.7,4/5/17,31/12/2018
75158-1,Star Wars,Rebels,2016,Rebel Combat Frigate,5,936,48,37.8,7.1,1/8/16,31/07/2017
75512-1,Star Wars,Promotional,2018,Millennium Falcon Cockpit,2,203,,,,,
10215-1,Star Wars,Ultimate Collector Series,2010,Obi-Wan's Jedi Starfighter,,676,48,37.8,7.1,1/11/10,31/12/2011
10186-1,Star Wars,Ultimate Collector Series,2008,General Grievous,,1085,38.4,48,7.2,1/5/08,31/12/2008
66377-1,Star Wars,Product Collection,2011,Star Wars Super Pack 3 in 1,,484,54,28.2,7.9,1/2/11,31/12/2011
75290-1,Star Wars,Master Builder Series,2020,Mos Eisley Cantina,21,3187,58.2,48,12.4,1/10/20,31/12/2023
8019-1,Star Wars,The Clone Wars,2009,Republic Attack Shuttle,3,636,54,28.2,7.85,1/1/09,31/12/2010
75191-1,Star Wars,Episode II,2017,Jedi Starfighter with Hyperdrive,4,825,35.4,37.8,9.4,1/6/17,31/12/2018
7264-1,Star Wars,Episode VI,2005,Imperial Inspection,10,367,48,28.8,6,1/3/05,31/12/2005
75012-1,Star Wars,The Clone Wars,2013,BARC Speeder with Sidecar,4,226,26.2,19.1,4.6,1/1/13,31/12/2014
10198-1,Star Wars,Episode IV,2009,Tantive IV,5,1408,0,0,0,1/9/09,31/12/2011
75025-1,Star Wars,The Old Republic,2013,Jedi Defender-class Cruiser,4,927,48,37.8,7.1,1/8/13,31/12/2014
10131-1,Star Wars,Legends,2004,TIE Fighter Collection,4,682,57.6,38.4,9.6,1/8/04,31/07/2006
75005-1,Star Wars,Episode VI,2013,Rancor Pit,4,380,48,28.2,7.4,1/1/13,31/12/2014
75309-1,Star Wars,Ultimate Collector Series,2021,Republic Gunship,2,3292,58.2,48,17,1/8/21,31/12/2023
4480-1,Star Wars,Episode VI,2003,Jabba's Palace,6,231,28.8,28.8,7.2,1/1/03,31/12/2004
COMCON011-1,Star Wars,Promotional,2009,Holo-Brick Archives (SDCC 2009 exclusive),,3,,,,,
4502-1,Star Wars,Episode V,2004,X-wing Fighter,3,563,38.4,28.8,7.2,,
75019-1,Star Wars,Episode II,2013,AT-TE ,5,794,54,28.2,7.8,1/6/13,31/12/2014
75055-1,Star Wars,Episode IV,2014,Imperial Star Destroyer,7,1359,58.1914,37.7952,10.3124,1/6/14,31/12/2015
9500-1,Star Wars,The Old Republic,2012,Sith Fury-class Interceptor,3,748,48,37.8,7.1,1/6/12,31/12/2013
75046-1,Star Wars,The Clone Wars,2014,Coruscant Police Gunship,4,481,38.2016,26.1874,7.0612,1/1/14,31/12/2015
66341-1,Star Wars,Product Collection,2010,Star Wars Super Pack 3 in 1,,342,48,37.8,7.1,1/2/10,31/12/2010
66395-1,Star Wars,Product Collection,2011,Star Wars Super Pack 3 in 1,,367,48,28.2,7.4,1/9/11,31/12/2011
75095-1,Star Wars,Ultimate Collector Series,2015,TIE Fighter,1,1685,58.1914,48.006,9.0932,1/5/15,31/12/2017
7681-1,Star Wars,The Clone Wars,2008,Separatist Spider Droid,5,206,28.8,28.8,6,26/07/2008,31/12/2009
9499-1,Star Wars,Episode I,2012,Gungan Sub,4,465,35.4,37.8,7.1,1/6/12,31/12/2013
2856197-1,Star Wars,Minifig Pack,2011,Shadow ARF Trooper,1,5,,,,,
8088-1,Star Wars,Episode III,2010,ARC-170 Starfighter,4,396,54,28.19,5.89,1/1/10,31/07/2012
7680-1,Star Wars,The Clone Wars,2008,The Twilight,4,882,57.6,38.4,9.6,26/07/2008,31/12/2009
7171-1,Star Wars,Episode I,1999,Mos Espa Podrace,10,896,53.2,38.4,7.2,1/4/99,31/12/2000
66479-1,Star Wars,Product Collection,2014,Value Pack,,1087,,,,,
7257-1,Star Wars,Episode III,2005,Ultimate Lightsaber Duel,2,282,38.4,28.8,7.2,2/4/05,31/12/2005
7140-1,Star Wars,Episode IV,1999,X-wing Fighter,4,266,33.6,24,6,22/02/1999,31/12/2001
8038-1,Star Wars,Episode VI,2009,The Battle of Endor,12,890,58.2,37.8,8.7,1/6/09,31/12/2011
75244-1,Star Wars,Episode IV,2019,Tantive IV,6,1768,58.2,37.8,10.3,4/5/19,31/12/2020
7142-1,Star Wars,Episode IV,2002,X-wing Fighter,4,267,33.6,24,6,1/10/02,31/12/2002
4481-1,Star Wars,Episode II,2003,Hailfire Droid,,681,38.4,28.8,9.6,1/6/03,31/12/2003
75058-1,Star Wars,Episode I,2014,MTT,12,954,48.006,37.7952,7.0612,1/8/14,31/12/2015
7133-1,Star Wars,Episode II,2002,Bounty Hunter Pursuit,3,259,28.8,28.8,4.8,23/04/2002,31/12/2003
7150-1,Star Wars,Episode IV,1999,TIE Fighter & Y-wing,3,409,43.2,28.8,6,22/02/1999,31/12/2000
7674-1,Star Wars,The Clone Wars,2008,V-19 Torrent,1,471,48,28.8,7.2,26/07/2008,31/12/2009
75151-1,Star Wars,Episode III,2016,Clone Turbo Tank,6,903,48.006,37.7952,7.0612,1/6/16,31/12/2017
5002123-1,Star Wars,The Old Republic,2014,Darth Revan,1,7,,,,,
7259-1,Star Wars,Episode III,2005,ARC-170 Fighter,4,396,43.2,28.8,6,1/3/05,31/12/2006
6209-1,Star Wars,Episode V,2006,Slave I,5,537,48,28.8,6,1/1/06,31/07/2007
9525-1,Star Wars,The Clone Wars,2012,Pre Vizsla's Mandalorian Fighter,3,403,35.4,37.8,7.1,1/8/12,31/12/2013
7868-1,Star Wars,The Clone Wars,2011,Mace Windu's Jedi Starfighter,5,309,38.2,26.2,4.7,1/1/11,31/12/2011
7262-1,Star Wars,Episode IV,2004,TIE Fighter and Y-Wing,3,412,48,28.8,6,1/9/04,31/01/2005
6176782-1,Star Wars,Promotional,2016,Escape the Space Slug,,161,,,,,
75190-1,Star Wars,The Last Jedi,2017,First Order Star Destroyer,7,1416,58.1914,37.7952,10.3124,1/9/17,31/12/2018
7661-1,Star Wars,Episode III,2007,Jedi Starfighter with Hyperdrive Booster Ring,2,575,48,28.8,7.2,1/6/07,31/12/2008
7752-1,Star Wars,The Clone Wars,2009,Count Dooku's Solar Sailer,4,385,48,28.2,7.4,1/2/09,31/12/2010
7255-1,Star Wars,Episode III,2005,General Grievous Chase,2,111,28.8,19.2,6,2/4/05,31/12/2005
CELEBVI-1,Star Wars,Promotional,2012,Mini Slave I,,80,,,,,
66308-1,Star Wars,Product Collection,2009,3 in 1 Superpack,,414,,,,,
75275-1,Star Wars,Ultimate Collector Series,2020,A-wing Starfighter,1,1673,58.2,37.8,8.7,1/5/20,31/12/2021
66396-1,Star Wars,Product Collection,2011,Star Wars Super Pack 3 in 1,,644,58.2,37.8,10.3,1/9/11,31/12/2011
75157-1,Star Wars,Rebels,2016,Captain Rex's AT-TE,5,972,48.006,37.7952,7.0612,1/6/16,31/12/2017
4501-1,Star Wars,Episode IV,2004,Mos Eisley Cantina,5,193,28.8,28.8,7.2,1/1/04,31/12/2004
7869-1,Star Wars,The Clone Wars,2011,Battle for Geonosis,5,331,38.2,26.2,5.7,1/1/11,31/12/2012
75045-1,Star Wars,The Clone Wars,2014,Republic AV-7 Anti-Vehicle Cannon,4,434,28.194,26.1874,7.5946,1/1/14,31/12/2015
8037-1,Star Wars,The Clone Wars,2009,Anakin's Y-wing Starfighter,3,570,54,28.2,7.85,1/6/09,31/12/2010
66432-1,Star Wars,Product Collection,2012,Super Pack 3-in-1,,763,,,,,
4479-1,Star Wars,Episode V,2003,TIE Bomber,1,230,28.8,28.8,6,1/1/03,1/4/05
7679-1,Star Wars,The Clone Wars,2008,Republic Fighter Tank,2,592,48,28.8,7.2,26/07/2008,31/12/2009
8018-1,Star Wars,The Clone Wars,2009,Armored Assault Tank (AAT),7,407,48.01,28.2,6.1,1/1/09,31/12/2010
65081-1,Star Wars,Product Collection,2002,R2-D2 / C-3PO Droid Collectors Set,,581,,,,,
75156-1,Star Wars,Rogue One,2016,Krennic's Imperial Shuttle,6,863,48.006,37.7952,7.0612,30/09/2016,31/07/2018
7155-1,Star Wars,Episode I,2000,Trade Federation AAT,2,158,28.8,19.2,6,1/5/00,31/12/2001
7965-1,Star Wars,Episode IV,2011,Millennium Falcon,6,1254,58.2,37.8,8.7,1/6/11,31/12/2014
75106-1,Star Wars,Rebels,2015,Imperial Assault Carrier,6,1216,48.006,37.7952,9.398,1/6/15,31/12/2016
7152-1,Star Wars,Episode IV,2002,TIE Fighter & Y-wing,3,410,43.2,28.8,6,1/10/02,31/12/2002
66366-1,Star Wars,Product Collection,2010,Star Wars Super Pack 3 in 1,,531,48,37.8,9.4,1/9/10,31/12/2010
75212-1,Star Wars,Solo,2018,Kessel Run Millennium Falcon,7,1414,58.2,37.8,8.7,20/04/2018,31/07/2019
75243-1,Star Wars,Episode V,2019,Slave I - 20th Anniversary Edition,6,1007,48,37.8,7.1,1/4/19,31/12/2020
8002-1,Star Wars,Technic,2000,Destroyer Droid,,558,28.8,28.8,7.2,1/1/00,31/12/2001
5005747-1,Star Wars,Promotional,2018,Black Card Display Stand,1,42,,,,,
7258-1,Star Wars,Episode III,2005,Wookiee Attack,5,366,38.4,28.8,6,2/4/05,31/12/2005
75094-1,Star Wars,Episode VI,2015, Imperial Shuttle Tydirium,5,937,35.4076,37.7952,9.398,1/6/15,31/12/2016
10225-1,Star Wars,Ultimate Collector Series,2012,R2-D2,1,2127,37.8,58.2,10.3,1/5/12,31/12/2014
7931-1,Star Wars,The Clone Wars,2011,T-6 Jedi Shuttle,4,389,35.41,37.8,7.06,1/1/11,31/12/2012
66378-1,Star Wars,Product Collection,2011,Star Wars Super Pack 3 in 1,,330,48,28.2,7.4,1/2/11,31/12/2011
75220-1,Star Wars,Episode IV,2018,Sandcrawler,6,1239,48,37.8,9.4,1/8/18,31/12/2019
75341-1,Star Wars,Ultimate Collector Series,2022,Luke Skywalker's Landspeeder,2,1890,58.2,37.8,8.7,4/5/22,31/12/2024
8129-1,Star Wars,Episode V,2010,AT-AT Walker,8,815,58.2,37.8,8.7,1/8/10,31/12/2011
7166-1,Star Wars,Episode VI,2001,Imperial Shuttle,4,238,28.8,28.8,7.2,1/1/01,31/12/2002
75308-1,Star Wars,Miscellaneous,2021,R2-D2,1,2314,37.8,58.2,10.3,1/5/21,31/12/2023
75170-1,Star Wars,Rebels,2017,The Phantom,3,269,35.4076,19.1008,5.8928,1/1/17,31/12/2017
75054-1,Star Wars,Episode V,2014,AT-AT,5,1137,48.006,37.7952,7.0612,1/6/14,31/12/2015
7126-1,Star Wars,Episode I,2001,Battle Droid Carrier,7,133,19.2,14.4,4.8,1/1/01,31/12/2001
75189-1,Star Wars,The Last Jedi,2017,First Order Heavy Assault Walker,5,1376,48.006,37.7952,9.398,1/9/17,31/07/2019
7751-1,Star Wars,The Clone Wars,2009,Ahsoka's Starfighter and Vulture Droid,4,291,38.2,26.2,5.7,1/1/09,31/12/2009
8097-1,Star Wars,Episode V,2010,Slave I,4,573,48.01,37.8,7.06,1/6/10,31/12/2011
75251-1,Star Wars,Miscellaneous,2019,Darth Vader's Castle,6,1060,,,,,
66431-1,Star Wars,Product Collection,2012,Super Pack 3-in-1,,298,,,,,
20006-1,Star Wars,The Clone Wars,2008,Clone Turbo Tank,,64,,,,,
4478-1,Star Wars,Episode II,2003,Geonosian Fighter,4,170,28.8,19.2,4.8,1/1/03,31/12/2004
7161-1,Star Wars,Episode I,1999,Gungan Sub,3,379,43.2,28.8,6,1/4/99,31/12/2000
75227-1,Star Wars,Promotional,2019,Darth Vader Bust,,327,26.2,28.2,5.9,1/4/19,31/12/2019
7184-1,Star Wars,Episode I,2000,Trade Federation MTT,7,470,38.4,28.8,7.2,1/5/00,31/12/2001
7256-1,Star Wars,Episode III,2005,Jedi Starfighter and Vulture Droid,1,202,28.8,19.2,7.2,1/2/05,31/12/2006
7879-1,Star Wars,Episode V,2011,Hoth Echo Base,8,773,48,37.8,7.1,1/8/11,31/12/2013
75155-1,Star Wars,Rogue One,2016,Rebel U-wing Fighter,5,659,54.0004,28.194,5.8928,30/09/2016,31/07/2018
75082-1,Star Wars,Rebels,2015,TIE Advanced Prototype,3,355,28.194,26.2128,5.8928,1/1/15,31/12/2016
2853590-1,Star Wars,Minifig Pack,2010,Chrome Stormtrooper,1,5,,,,,
7754-1,Star Wars,Episode VI,2009,Home One Mon Calamari Star Cruiser,6,789,58.2,37.8,8.7,1/8/09,31/12/2010
75092-1,Star Wars,Episode I,2015,Naboo Starfighter,9,442,38.2016,26.2128,5.6642,1/6/15,31/12/2016
75103-1,Star Wars,The Force Awakens,2015,First Order Transporter,7,792,54.0004,28.194,5.8928,4/9/15,31/12/2016
75253-1,Star Wars,Boost,2019,Droid Commander,,1177,54,28.2,9.1,15/07/2019,31/12/2020
75179-1,Star Wars,The Last Jedi,2017,Kylo Ren's TIE Fighter,4,630,54.0004,28.194,7.8486,1/9/17,31/12/2018
7962-1,Star Wars,Episode I,2011,Anakin Skywalker and Sebulba's Podracers,5,810,48.01,37.8,7.06,1/6/11,31/12/2012
8128-1,Star Wars,The Clone Wars,2010,Cad Bane's Speeder,5,318,48,28.2,6.1,1/8/10,31/12/2011
7753-1,Star Wars,The Clone Wars,2009,Pirate Tank,3,372,38.2,26.2,5.7,1/8/09,31/12/2010
3341-1,Star Wars,Minifig Pack,2000,"Star Wars #2 - Luke Skywalker, Han Solo and Boba Fett",3,22,,,,,
66542-1,Star Wars,Product Collection,2016,Microfighters Super Pack 3 in 1,,267,,,,,
7144-1,Star Wars,Episode V,2000,Slave I,2,166,19.2,28.8,6,1/1/00,31/12/2001
75013-1,Star Wars,The Clone Wars,2013,Umbaran MHC (Mobile Heavy Cannon),4,493,38.2,26.2,5.7,1/1/13,31/12/2014
75017-1,Star Wars,Episode II,2013,Duel on Geonosis,4,391,38.2,26.2,5.6,1/6/13,31/12/2014
7666-1,Star Wars,Episode V,2007,Hoth Rebel Base,8,548,48,28.8,7.2,1/9/07,31/12/2008
75051-1,Star Wars,Original Content,2014,Jedi Scout Fighter,4,490,48.006,28.194,6.096,1/6/14,31/12/2015
75096-1,Star Wars,Episode I,2015,Sith Infiltrator,8,662,54.0004,28.194,7.8486,1/8/15,31/12/2016
75018-1,Star Wars,Original Content,2013,JEK-14's Stealth Starfighter,4,550,48,28.2,6.1,1/6/13,31/12/2014
75105-1,Star Wars,The Force Awakens,2015,Millennium Falcon,7,1329,58.1914,37.7952,8.7122,4/9/15,31/12/2017
8087-1,Star Wars,Legends,2010,TIE Defender,2,304,35.41,37.8,7.06,1/1/10,31/07/2011
66364-1,Star Wars,Product Collection,2010,Star Wars Super Pack 3 in 1,,308,54,28.2,5.9,1/10/10,31/12/2010
75323-1,Star Wars,The Bad Batch,2022,The Justifier ,5,1022,58.2,37.8,8.7,1/8/22,31/07/2024
75086-1,Star Wars,Episode I,2015,Battle Droid Troop Carrier,15,565,28.194,26.1874,5.8928,1/1/15,31/12/2016
6206-1,Star Wars,Episode VI,2006,TIE Interceptor,1,212,28.8,28.8,6,1/1/06,31/07/2007
3340-1,Star Wars,Minifig Pack,2000,"Star Wars #1 - Emperor Palpatine, Darth Maul and Darth Vader",3,32,,,,,
75256-1,Star Wars,The Rise of Skywalker,2019,Kylo Ren's Shuttle,6,1005,48,37.8,9.4,4/10/19,31/12/2021
75221-1,Star Wars,Episode IV,2018,Imperial Landing Craft,5,636,35.4,37.8,7.05,1/8/18,31/12/2019
8017-1,Star Wars,Episode IV,2009,Darth Vader's TIE Fighter,1,251,38.2,26.2,7.05,1/1/09,31/12/2010
75004-1,Star Wars,The Clone Wars,2013,Z-95 Headhunter,3,373,38.2,26.2,5.6,1/1/13,31/12/2014
75188-3,Star Wars,The Last Jedi,2017,Resistance Bomber (Standard pilot version),5,778,48.006,37.7952,7.0612,1/9/17,31/12/2018
66368-1,Star Wars,Product Collection,2010,Star Wars Super Pack 3 in 1,,316,54,28.2,5.9,1/9/10,31/12/2010
8096-1,Star Wars,Episode III,2010,Emperor Palpatine's Shuttle,4,592,54,28.19,5.89,1/6/10,31/12/2011
75014-1,Star Wars,Episode V,2013,Battle of Hoth,7,426,38.2,26.2,5.7,1/1/13,31/12/2013
75337-1,Star Wars,Episode III,2022,AT-TE Walker,9,1082,48,37.8,7.1,1/8/22,31/07/2024
7664-1,Star Wars,Legends,2007,TIE Crawler,2,548,48,28.8,6,1/8/07,31/12/2007
75294-1,Star Wars,Promotional,2020,Bespin Duel,2,295,22.2,26.2,6.2,1/8/20,31/12/2020
75211-1,Star Wars,Solo,2018,Imperial TIE Fighter,4,519,35.4,37.8,7.05,20/04/2018,31/07/2019
40483-1,Star Wars,Promotional,2021,Luke Skywalker's Lightsaber,,173,20.5,19.1,4.6,26/11/2021,31/12/2021
75274-1,Star Wars,Helmet Collection,2020,TIE Fighter Pilot Helmet,,724,19.1,35.4,11.8,19/04/2020,31/12/2021
75187-1,Star Wars,The Last Jedi,2017,BB-8,1,1106,35.4076,37.7952,9.398,1/9/17,31/07/2019
75288-1,Star Wars,Episode V,2020,AT-AT,6,1267,58.2,37.8,8.7,1/8/20,31/12/2023
75315-1,Star Wars,The Mandalorian,2021,Imperial Light Cruiser,6,1336,58.2,37.8,8.7,1/8/21,31/12/2022
66411-1,Star Wars,Product Collection,2012,Super Pack 3-in-1,,633,,,,,
66449-1,Star Wars,Product Collection,2013,Super Pack 3-in-1,,727,,,,,
75186-1,Star Wars,Original Content,2017,The Arrowhead,5,775,54.0004,28.194,7.8486,1/6/17,31/12/2018
7671-1,Star Wars,Episode III,2008,AT-AP Walker,2,392,43.2,28.8,6,1/1/08,31/12/2009
75150-1,Star Wars,Rebels,2016,Vader's TIE Advanced vs. A-wing Starfighter,4,702,54.0004,28.194,7.8486,1/6/16,31/12/2016
75257-1,Star Wars,The Rise of Skywalker,2019,Millennium Falcon,7,1351,58.2,37.8,8.7,4/10/19,31/12/2023
75083-1,Star Wars,Rebels,2015,AT-DP,4,500,26.1874,38.2016,7.0612,1/1/15,31/12/2015
7673-1,Star Wars,The Clone Wars,2008,Magna Guard Starfighter,2,431,43.2,28.8,7.2,26/07/2008,31/12/2009
7961-1,Star Wars,Episode I,2011,Darth Maul's Sith Infiltrator,4,479,54,28.19,5.89,1/6/11,31/12/2012
75050-1,Star Wars,Episode VI,2014,B-Wing,3,448,38.2016,26.1874,7.0612,1/6/14,31/12/2015
7180-1,Star Wars,Episode VI,2000,B-wing at Rebel Control Center,3,338,28.8,28.8,6,1/1/00,31/12/2001
7263-1,Star Wars,Episode IV,2005,TIE Fighter,2,159,19.2,28.8,9.6,1/2/05,31/12/2005
6208-1,Star Wars,Episode VI,2006,B-wing Fighter,2,435,38.4,28.8,6,1/1/06,31/07/2007
7778-1,Star Wars,Episode IV,2009,Midi-scale Millennium Falcon,,356,38.2,26.2,7.1,1/7/09,31/12/2010
4476-1,Star Wars,Episode VI,2003,Jabba's Prize,3,40,14.4,14.4,3.9,1/1/03,31/12/2003
CELEBV-1,Star Wars,Cube Dudes,2010,Fan Celebration V - CubeDude - The Bounty Hunter Edition,,496,,,,,
75022-1,Star Wars,The Clone Wars,2013,Mandalorian Speeder,3,211,26.2,19.1,6.1,1/6/13,31/12/2014
75292-1,Star Wars,The Mandalorian,2020,The Razor Crest,5,1023,48,37.8,7.1,1/9/20,31/12/2023
7151-1,Star Wars,Episode I,1999,Sith Infiltrator,1,244,33.6,24,7.2,1/4/99,31/12/2000
7959-1,Star Wars,The Clone Wars,2011,Geonosian Starfighter,3,155,35.41,19.1,5.89,1/6/11,31/12/2012
77904-1,Star Wars,Promotional,2020,Nebulon-B Frigate,,459,26.2,19.1,7.2,1/10/20,31/10/2020
75217-1,Star Wars,Solo,2018,Imperial Conveyex Transport,5,622,48,28.2,6.1,1/8/18,31/07/2019
8095-1,Star Wars,The Clone Wars,2010,General Grievous' Starfighter,3,454,48.01,28.19,6.1,1/6/10,31/07/2012
9497-1,Star Wars,The Old Republic,2012,Republic Striker-class Starfighter,3,376,38.2,26.2,5.6,1/6/12,31/12/2013
7930-1,Star Wars,The Clone Wars,2011,Bounty Hunter Assault Gunship,4,389,48.01,28.19,6.1,1/1/11,31/12/2012
8036-1,Star Wars,The Clone Wars,2009,Separatist Shuttle,5,259,38.2,26.2,5.65,1/6/09,31/12/2010
75218-1,Star Wars,Episode IV,2018,X-wing Starfighter,4,731,48,28.2,6.1,1/8/18,31/12/2019
7659-1,Star Wars,Episode IV,2007,Imperial Landing Craft,5,471,48,28.8,7.2,1/1/07,31/12/2008
9494-1,Star Wars,Episode III,2012,Anakin's Jedi Interceptor,5,300,38.2,26.2,4.7,1/1/12,31/12/2013
75016-1,Star Wars,Episode II,2013,Homing Spider Droid,5,295,35.4,19.1,5.9,1/6/13,31/12/2014
7877-1,Star Wars,Episode I,2011,Naboo Starfighter,6,318,38.2,26.2,5.7,1/8/11,31/12/2012
75052-1,Star Wars,Episode IV,2014,Mos Eisley Cantina,8,615,54.0004,28.194,5.8928,1/6/14,31/12/2015
75087-1,Star Wars,Legends,2015,Anakin's Custom Jedi Starfighter,3,370,28.194,26.1874,5.8928,1/1/15,31/12/2016
75234-1,Star Wars,Episode III,2019,AT-AP Walker,5,689,37.8,35.4,7.05,1/1/19,31/12/2020
7141-1,Star Wars,Episode I,1999,Naboo Fighter,4,179,24,19.2,6,1/4/99,31/12/2001
66514-1,Star Wars,Product Collection,2014,Microfighter Super Pack 3 in 1,,285,,,,,
75084-1,Star Wars,Rebels,2015,Wookiee Gunship,4,570,48.006,28.194,6.096,1/1/15,31/12/2015
7143-1,Star Wars,Episode II,2002,Jedi Starfighter,1,138,28.8,19.2,4.8,18/03/2002,31/12/2003
7159-1,Star Wars,Episode I,2000,Star Wars Podracing Bucket,3,292,21.4,26.6,21.4,1/6/00,31/12/2001
75102-1,Star Wars,The Force Awakens,2015,Poe's X-wing Fighter,4,717,48.006,28.194,6.096,4/9/15,31/07/2018
9493-1,Star Wars,Episode IV,2012,X-wing Starfighter,4,560,48,28.2,7.4,1/1/12,31/12/2014
75233-1,Star Wars,Episode III,2019,Droid Gunship,4,389,28.2,26.2,7.6,1/1/19,31/12/2019
6212-1,Star Wars,Episode V,2006,X-wing Fighter,6,437,48,28.8,6,1/9/06,31/07/2011
8093-1,Star Wars,The Clone Wars,2010,Plo Koon's Jedi Starfighter,2,175,28.19,26.19,6.4,1/6/10,31/12/2011
66535-1,Star Wars,Product Collection,2015,Battle Pack 2 in 1,,269,,,,,
75172-1,Star Wars,Rogue One,2017,Y-wing Starfighter,5,691,48.006,28.194,6.096,1/1/17,31/12/2018
7658-1,Star Wars,Episode IV,2007,Y-wing Fighter,2,454,43.2,28.8,6,1/1/07,31/07/2008
7146-1,Star Wars,Episode IV,2001,TIE Fighter,2,171,19.2,28.8,7.2,1/1/01,31/12/2002
75171-1,Star Wars,Rogue One,2017,Battle on Scarif,4,419,38.2016,26.2128,7.0612,1/1/17,31/12/2017
75293-1,Star Wars,Galaxy's Edge,2020,Resistance I-TS Transport,4,932,35.4,37.8,9.4,1/8/20,31/12/2021
75048-1,Star Wars,Rebels,2014,The Phantom,2,234,26.1874,19.1008,4.5974,1/6/14,31/12/2015
75291-1,Star Wars,Episode VI,2020,Death Star Final Duel,5,775,35.4,37.8,9.4,1/8/20,31/12/2021
75093-1,Star Wars,Episode VI,2015,Death Star Final Duel,5,724,48.006,28.194,7.3914,1/6/15,31/12/2016
75015-1,Star Wars,Episode II,2013,Corporate Alliance Tank Droid,3,271,26.2,14.1,6.1,1/6/13,31/12/2014
8001-1,Star Wars,Technic,2000,Battle Droid,,363,28.8,24,4.8,1/1/00,31/12/2001
75149-1,Star Wars,The Force Awakens,2016,Resistance X-wing Fighter,4,740,54.0004,28.194,7.8486,1/6/16,31/12/2017
8099-1,Star Wars,Episode IV,2010,Midi-scale Imperial Star Destroyer,,423,38.2,26.2,5.7,1/8/10,31/12/2010
75230-1,Star Wars,The Last Jedi,2018,Porg,,811,26.2,38.2,7.05,1/10/18,31/12/2019
75043-1,Star Wars,Episode III,2014,AT-AP,5,717,48.006,28.194,6.096,1/1/14,31/12/2015
8007-1,Star Wars,Technic,2001,C-3PO,,341,24,33.6,6,1/1/01,31/12/2002
75286-1,Star Wars,Episode III,2020,General Grievous's Starfighter,3,487,38.2,26.2,7.1,1/8/20,31/12/2021
66515-1,Star Wars,Product Collection,2014,Microfighter Super Pack 3 in 1,,286,,,,,
75219-1,Star Wars,Solo,2018,Imperial AT-Hauler,5,829,48,37.8,7.05,1/8/18,31/07/2019
75175-1,Star Wars,Episode VI,2017,A-wing Starfighter,3,358,28.2,26.2,5.9,1/1/17,31/07/2018
75104-1,Star Wars,The Force Awakens,2015,Kylo Ren's Command Shuttle,6,1005,48.006,37.7952,7.0612,4/9/15,31/12/2017
8089-1,Star Wars,Episode V,2010,Hoth Wampa Cave,3,297,38.2,26.19,5.64,1/6/10,31/12/2011
6346098-1,Star Wars,Promotional,2020,Yoda's Lightsaber,,140,,,,,
75259-1,Star Wars,Episode V,2019,Snowspeeder – 20th Anniversary Edition,4,309,35.4,19.1,5.9,1/4/19,31/12/2019
3343-1,Star Wars,Minifig Pack,2000,Star Wars #4 - Battle Droid Commander and 2 Battle Droids,3,30,,,,,
9495-1,Star Wars,Episode IV,2012,Gold Leader's Y-wing Starfighter,3,458,48,28.2,6.1,1/1/12,31/12/2013
9498-1,Star Wars,The Clone Wars,2012,Saesee Tiin's Jedi Starfighter,3,244,28.2,26.2,6.4,1/6/12,31/12/2013
7128-1,Star Wars,Episode VI,1999,Speeder Bikes,3,93,14.4,14.4,4.8,1/3/99,31/12/2000
75153-1,Star Wars,Rogue One,2016,AT-ST Walker,3,449,28.194,26.2128,5.8928,30/09/2016,31/12/2017
7660-1,Star Wars,Episode I,2007,Naboo N-1 Starfighter with Vulture Droid,3,280,38.4,28.8,6,1/6/07,31/12/2008
8009-1,Star Wars,Technic,2002,R2-D2,,240,19.2,28.8,4.8,1/1/02,31/12/2003
75273-1,Star Wars,The Rise of Skywalker,2020,Poe Dameron's X-wing Fighter,4,761,48,28.2,6.1,1/1/20,31/12/2021
75335-1,Star Wars,Jedi: Fallen Order,2022,BD-1,1,1062,35.4,37.8,7.1,1/8/22,31/07/2024
6252808-1,Star Wars,Promotional,2018,Chewbacca,,22,,,,,
7103-1,Star Wars,Episode II,2002,Jedi Duel,2,82,19.2,14.4,4.8,23/04/2002,31/12/2003
7663-1,Star Wars,Episode I,2007,Sith Infiltrator,1,310,38.4,28.8,6,1/8/07,31/12/2008
7669-1,Star Wars,The Clone Wars,2008,Anakin's Jedi Starfighter,2,153,28.8,28.8,4.8,1/1/08,31/12/2009
7130-1,Star Wars,Episode V,1999,Snowspeeder,3,215,24,19.2,6,22/02/1999,31/12/2000
7957-1,Star Wars,The Clone Wars,2011,Sith Nightspeeder,3,214,28.19,26.19,4.6,1/6/11,31/12/2012
75142-1,Star Wars,Episode III,2016,Homing Spider Droid,5,310,35.4,19.1,5.9,1/1/16,31/07/2017
75024-1,Star Wars,The Clone Wars,2013,HH-87 Starhopper,3,362,38.2,26.2,5.7,1/8/13,31/12/2014
75185-1,Star Wars,Original Content,2017,Tracker I,4,557,48.006,28.194,6.096,1/6/17,31/12/2018
75044-1,Star Wars,Episode III,2014,Droid Tri-Fighter,4,262,22.1996,26.1874,6.1976,1/1/14,31/12/2015
75276-1,Star Wars,Helmet Collection,2020,Stormtrooper Helmet,,647,19.1,35.4,11.8,19/04/2020,31/12/2021
75240-1,Star Wars,Resistance,2019,Major Vonreg's TIE Fighter,4,496,38.2,26.2,7.1,1/4/19,31/12/2020
75039-1,Star Wars,Episode III,2014,V-wing Starfighter,2,201,26.1874,19.1008,6.096,1/1/14,31/12/2014
75135-1,Star Wars,Episode III,2016,Obi-Wan's Jedi Interceptor,2,215,26.2128,19.1008,6.096,1/1/16,31/12/2016
7121-1,Star Wars,Episode I,1999,Naboo Swamp,4,82,14.4,14.4,4.8,1/4/99,31/12/2000
75041-1,Star Wars,Episode III,2014,Vulture Droid,3,205,26.1874,19.1008,4.5974,1/1/14,31/12/2014
75154-1,Star Wars,Rogue One,2016,TIE Striker,4,543,48.006,28.194,6.096,30/09/2016,31/12/2017
75336-1,Star Wars,Obi-Wan Kenobi,2022,Inquisitor Transport Scythe,4,924,48,28.2,7.4,1/8/22,31/07/2024
7929-1,Star Wars,Episode I,2011,The Battle of Naboo,12,241,28.19,26.19,4.6,1/1/11,31/12/2012
7670-1,Star Wars,The Clone Wars,2008,Hailfire Droid & Spider Droid,5,249,28.8,28.8,4.8,1/1/08,31/12/2009
75314-1,Star Wars,The Bad Batch,2021,The Bad Batch Attack Shuttle,6,969,35.4,37.8,7.1,1/8/21,31/12/2022
4207901-1,Star Wars,Product Collection,2003,Star Wars MINI Bonus Pack,,277,,,,,
4500-1,Star Wars,Episode V,2004,Rebel Snowspeeder,3,214,28.8,19.2,6,1/1/04,31/12/2005
75255-1,Star Wars,Episode III,2019,Yoda,1,1771,35.4,37.8,11.8,4/10/19,31/12/2022
9492-1,Star Wars,Episode IV,2012,TIE Fighter,4,413,35.4,37.8,7.1,1/1/12,31/12/2013
75326-1,Star Wars,The Book of Boba Fett,2022,Boba Fett's Throne Room,7,732,48,28.2,7.4,1/3/22,31/12/2023
7110-1,Star Wars,Episode IV,1999,Landspeeder,2,49,14.4,9.6,4.8,22/02/1999,31/12/2000
7200-1,Star Wars,Episode VI,2002,Final Duel I,2,29,14.4,14.4,3.9,1/1/02,31/12/2003
9488-1,Star Wars,The Clone Wars,2012,Elite Clone Trooper & Commando Droid Battle Pack,4,98,19.1,14.1,4.6,1/1/12,31/12/2013
75101-1,Star Wars,The Force Awakens,2015,First Order Special Forces TIE Fighter,4,517,35.4076,37.7952,7.0612,4/9/15,30/04/2016
8016-1,Star Wars,The Clone Wars,2009,Hyena Droid Bomber,3,232,28.2,26.2,6.4,1/1/09,31/12/2010
75182-1,Star Wars,The Clone Wars,2017,Republic Fighter Tank,4,305,26.2128,19.1008,6.096,1/6/17,31/12/2018
75085-1,Star Wars,Episode II,2015,Hailfire Droid,3,163,20.4978,19.1008,6.096,1/1/15,31/12/2016
75036-1,Star Wars,Episode III,2014,Utapau Troopers,4,83,19.1008,14.097,4.5974,1/1/14,31/07/2015
7748-1,Star Wars,The Clone Wars,2009,Corporate Alliance Tank Droid,4,216,28.2,26.2,4.6,1/6/09,31/12/2010
7101-1,Star Wars,Episode I,1999,Lightsaber Duel,2,52,14.4,9.6,4.8,1/4/99,31/12/2000
75152-1,Star Wars,Rogue One,2016,Imperial Assault Hovertank,3,385,35.4076,19.1008,7.0104,30/09/2016,31/12/2017
75339-1,Star Wars,Diorama Collection,2022,Death Star Trash Compactor Diorama,6,802,38.2,26.2,7.1,26/04/2022,31/07/2024
7678-1,Star Wars,The Clone Wars,2008,Droid Gunship,3,329,38.4,28.8,6,26/07/2008,31/12/2008
75009-1,Star Wars,Planet Set,2013,Snowspeeder & Planet Hoth,1,69,14.1,19.1,8.8,1/1/13,31/12/2013
75338-1,Star Wars,Andor,2022,Ambush on Ferrix,3,679,28.2,26.2,9.6,1/8/22,31/07/2024
75532-1,Star Wars,Buildable Figures,2017,Scout Trooper & Speeder Bike,,452,38.2016,26.2128,7.0612,1/6/17,31/12/2018
7131-1,Star Wars,Episode I,1999,Anakin's Podracer,3,136,24,14.4,4.8,1/4/99,31/12/2000
75042-1,Star Wars,Episode III,2014,Droid Gunship,4,439,38.2016,26.1874,7.0612,1/1/14,31/12/2015
75216-1,Star Wars,The Last Jedi,2018,Snoke's Throne Room,5,492,38.2,26.2,7.05,1/8/18,31/07/2019
5000063-1,Star Wars,Episode I,2012,TC-14,1,3,,,,,
8012-1,Star Wars,Technic,2002,Super Battle Droid,,379,24,33.6,4.8,23/04/2002,31/12/2003
5005704-1,Star Wars,Product Collection,2018,Surprise Box,,61,,,,,
66674-1,Star Wars,Product Collection,2021,Skywalker Adventures Pack,,644,53.2,27,6.8,1/11/21,31/12/2021
75533-1,Star Wars,Buildable Figures,2018,Boba Fett,,144,14.1,26.2,6.1,1/1/18,31/12/2018
75056-1,Star Wars,Seasonal,2014,Star Wars Advent Calendar,9,274,38.2016,26.1874,7.0612,1/9/14,31/12/2014
7656-1,Star Wars,Episode III,2007,General Grievous Starfighter,1,232,28.8,28.8,6,1/1/07,31/12/2008
66556-1,Star Wars,Product Collection,2017,Super Pack 2 in 1,,242,,,,,
3342-1,Star Wars,Minifig Pack,2000,Star Wars #3 - Chewbacca and 2 Biker Scouts,3,22,,,,,
75147-1,Star Wars,Original Content,2016,StarScavenger,4,558,38.2016,26.2128,5.6388,1/6/16,31/12/2017
7134-1,Star Wars,Episode VI,2000,A-wing Fighter,2,125,19.2,19.2,6,1/1/00,31/12/2001
75296-1,Star Wars,Episode V,2021,Darth Vader Meditation Chamber,2,663,28.2,26.2,9.6,1/8/21,31/12/2022
7115-1,Star Wars,Episode I,2000,Gungan Patrol,2,77,24,14.4,4.8,1/1/00,31/12/2001
8014-1,Star Wars,The Clone Wars,2009,Clone Walker Battle Pack,4,72,19.1,14.1,4.6,1/1/09,31/12/2010
7127-1,Star Wars,Episode VI,2001,Imperial AT-ST,1,107,14.4,19.2,4.8,1/1/01,31/12/2002
75178-1,Star Wars,The Force Awakens,2017,Jakku Quadjumper,5,457,38.2016,26.2128,5.6388,1/6/17,31/12/2018
75140-1,Star Wars,The Force Awakens,2016,Resistance Troop Transporter,4,646,48.006,28.194,6.096,1/1/16,31/12/2016
7139-1,Star Wars,Episode VI,2002,Ewok Attack,4,121,19.2,19.2,4.8,1/1/02,31/12/2003
75202-1,Star Wars,The Last Jedi,2018,Defense of Crait,5,746,54,28.2,7.9,1/1/18,31/12/2018
66533-1,Star Wars,Product Collection,2015,Microfighter 3 in 1 Super Pack,,276,,,,,
75040-1,Star Wars,Episode III,2014,General Grievous' Wheel Bike,2,261,26.1874,19.1008,4.5974,1/1/14,31/12/2015
75180-1,Star Wars,The Force Awakens,2017,Rathtar Escape,5,836,54.0004,28.194,7.8486,1/6/17,31/12/2018
75330-1,Star Wars,Diorama Collection,2022,Dagobah Jedi Training Diorama,3,1000,38.2,26.2,9.4,26/04/2022,31/12/2023
7113-1,Star Wars,Episode II,2002,Tusken Raider Encounter,3,93,19.2,14.4,4.8,23/04/2002,31/12/2003
7203-1,Star Wars,Episode I,2002,Jedi Defense I,3,59,14.4,14.4,3.9,1/1/02,31/12/2003
75112-1,Star Wars,Buildable Figures,2015,General Grievous,,186,22.1996,26.2128,6.1976,4/9/15,31/12/2016
75037-1,Star Wars,Episode III,2014,Battle on Saleucami,5,183,26.1874,14.097,4.8006,1/1/14,31/12/2015
6207-1,Star Wars,Episode VI,2006,A-wing Fighter,2,194,28.8,19.2,6,1/1/06,31/12/2006
8010-1,Star Wars,Technic,2002,Darth Vader,,391,28.8,38.4,7.2,1/1/02,31/12/2003
75174-1,Star Wars,Episode VI,2017,Desert Skiff Escape,4,277,35.4,19.1,5.9,1/1/17,31/07/2018
8091-1,Star Wars,Episode III,2010,Republic Swamp Speeder,5,176,38.2,26.2,5.7,1/1/10,31/12/2011
75261-1,Star Wars,Episode III,2019,Clone Scout Walker  – 20th Anniversary Edition,5,250,26.2,19.1,4.6,1/4/19,31/12/2019
75284-1,Star Wars,The Rise of Skywalker,2020,Knights of Ren Transport Ship,3,595,38.2,26.2,7.1,1/8/20,31/12/2021
75023-1,Star Wars,Seasonal,2013,Star Wars Advent Calendar,9,254,38.2,26.2,7.1,,
75316-1,Star Wars,The Clone Wars,2021,Mandalorian Starfighter,3,544,38.2,26.2,7.1,1/8/21,31/12/2022
4475-1,Star Wars,Episode VI,2003,Jabba's Message,3,44,14.4,14.4,3.9,1/1/03,31/12/2003
9496-1,Star Wars,Episode VI,2012,Desert Skiff,4,213,35.4,19.1,5.9,1/6/12,28/02/2014
75049-1,Star Wars,Episode V,2014,Snowspeeder,3,278,22.1996,26.1874,6.1976,1/6/14,31/12/2015
75038-1,Star Wars,Episode III,2014,Jedi Interceptor,2,223,26.1874,19.1008,6.096,1/1/14,31/12/2015
30625-1,Star Wars,Episode IV,2022,Luke Skywalker with Blue Milk,1,6,,,,,
75272-1,Star Wars,The Rise of Skywalker,2020,Sith TIE Fighter,3,470,35.4,37.8,7.1,1/1/20,31/07/2021
TRUFALCON-1,Star Wars,Promotional,2016,Millennium Falcon,,44,,,,,
75080-1,Star Wars,Episode I,2015,AAT,3,251,26.1874,19.1008,6.096,1/1/15,31/12/2015
75169-1,Star Wars,Episode I,2017,Duel on Naboo,3,208,26.2128,19.1008,6.096,1/1/17,31/12/2018
8011-1,Star Wars,Technic,2002,Jango Fett,,422,24,28.8,6,23/04/2002,31/12/2003
7655-1,Star Wars,Episode III,2007,Clone Troopers Battle Pack,4,58,19.2,14.4,4.8,1/1/07,31/07/2008
75534-1,Star Wars,Buildable Figures,2018,Darth Vader,,168,19.1,26.2,6.1,1/1/18,31/12/2018
75302-1,Star Wars,Episode VI,2021,Imperial Shuttle,3,660,35.4,37.8,7.1,1/3/21,31/12/2022
75318-1,Star Wars,The Mandalorian,2020,The Child,1,1073,26.2,38.2,11.8,30/10/2020,31/12/2023
75304-1,Star Wars,Helmet Collection,2021,Darth Vader Helmet,,834,19.1,35.4,11.8,26/04/2021,31/12/2023
7915-1,Star Wars,Legends,2011,Imperial V-wing Starfighter,2,139,28.19,26.19,4.6,1/1/11,31/12/2012
75278-1,Star Wars,The Rise of Skywalker,2020,D-O,1,519,26.2,38.2,7.1,19/04/2020,31/07/2021
4477-1,Star Wars,Episode IV,2003,T-16 Skyhopper ,1,98,19.2,19.2,4.8,1/1/03,31/12/2003
7956-1,Star Wars,Episode VI,2011,Ewok Attack,3,166,28.19,26.19,4.6,1/6/11,31/12/2012
75002-1,Star Wars,The Clone Wars,2013,AT-RT,4,222,19.1,26.2,4.6,1/1/13,31/12/2014
75141-1,Star Wars,Rebels,2016,Kanan's Speeder Bike,3,234,26.2,14.1,6.1,1/1/16,31/07/2017
7657-1,Star Wars,Episode VI,2007,AT-ST,1,244,28.8,28.8,6,1/1/07,31/07/2008
7124-1,Star Wars,Episode I,2000,Flash Speeder,1,106,19.2,14.4,4.8,1/1/00,31/12/2001
75249-1,Star Wars,The Rise of Skywalker,2019,Resistance Y-wing Starfighter,5,578,38.2,26.2,5.7,4/10/19,31/12/2021
6205-1,Star Wars,Episode III,2006,V-wing Fighter,1,118,24,14.4,6,1/1/06,31/12/2007
8086-1,Star Wars,The Clone Wars,2010,Droid Tri-Fighter,3,268,28.19,26.19,6.4,1/1/10,31/12/2011
75183-1,Star Wars,Episode III,2017,Darth Vader Transformation ,6,282,26.2128,19.1008,6.096,1/6/17,31/07/2019
7654-1,Star Wars,Episode III,2007,Droids Battle Pack,7,102,19.2,14.4,4.8,1/1/07,31/07/2008
75090-1,Star Wars,Rebels,2015,Ezra's Speeder Bike,3,253,26.1874,14.097,6.096,1/1/15,31/12/2015
66534-1,Star Wars,Product Collection,2015,Microfighter 3 in 1 Super Pack,,288,,,,,
75035-1,Star Wars,Episode III,2014,Kashyyyk Troopers,4,99,19.1008,14.097,4.5974,1/1/14,31/07/2015
75242-1,Star Wars,Resistance,2019,Black Ace TIE Interceptor,3,396,35.4,19.1,7,1/4/19,31/12/2020
75343-1,Star Wars,Helmet Collection,2022,Dark Trooper Helmet,,693,19.1,35.4,9.1,1/3/22,31/12/2023
7749-1,Star Wars,Episode V,2009,Echo Base,5,155,28.2,26.2,6.4,1/6/09,31/12/2010
7104-1,Star Wars,Episode VI,2000,Desert Skiff,2,55,19.2,9.6,4.8,1/1/00,31/12/2001
75536-1,Star Wars,Buildable Figures,2018,Range Trooper,,101,14.1,26.2,6.1,20/04/2018,31/12/2018
75205-1,Star Wars,Episode IV,2018,Mos Eisley Cantina,4,376,28.2,26.2,5.9,1/1/18,31/12/2018
7913-1,Star Wars,The Clone Wars,2011,Clone Trooper Battle Pack,4,85,19.1,14.1,4.6,1/1/11,31/12/2012
7204-1,Star Wars,Episode I,2002,Jedi Defense II,3,53,14.4,14.4,3.9,1/1/02,31/12/2002
7251-1,Star Wars,Episode III,2005,Darth Vader Transformation,3,53,14.4,14.4,6,2/4/05,31/12/2005
75003-1,Star Wars,Episode VI,2013,A-wing Starfighter,3,177,26.2,19.1,6.1,1/1/13,31/12/2014
7119-1,Star Wars,Episode V,2002,Twin-Pod Cloud Car,1,118,19.2,14.4,6,1/1/02,31/12/2003
75201-1,Star Wars,The Last Jedi,2018,First Order AT-ST,4,370,28.2,26.2,5.9,1/1/18,31/12/2018
75277-1,Star Wars,Helmet Collection,2020,Boba Fett Helmet,,625,19.1,35.4,11.8,19/04/2020,31/12/2022
6963-1,Star Wars,Mini Building Set,2004,X-wing Fighter,,41,,,,,
75325-1,Star Wars,The Book of Boba Fett,2022,The Mandalorian's N-1 Starfighter,4,412,38.2,26.2,5.7,1/6/22,31/12/2024
75199-1,Star Wars,The Clone Wars,2018,General Grievous' Combat Speeder,2,157,26.2,19.1,4.6,1/1/18,31/12/2019
7106-1,Star Wars,Episode IV,2001,Droid Escape,2,45,19.2,9.6,6,1/1/01,31/12/2001
66536-1,Star Wars,Product Collection,2015,Battle Pack 2 in 1,,243,,,,,
6252810-1,Star Wars,Promotional,2018,Han Solo,,23,,,,,
7250-1,Star Wars,Episode III,2005,Clone Scout Walker,1,108,14.4,19.2,6,2/4/05,31/12/2006
75204-1,Star Wars,Legends,2018,Sandspeeder,2,278,,,,,
6964-1,Star Wars,Mini Building Set,2004,Boba Fett's Slave I,,25,,,,,
75327-1,Star Wars,Helmet Collection,2022,Luke Skywalker (Red Five) Helmet,,675,19.1,35.4,9.1,1/3/22,31/12/2023
7252-1,Star Wars,Episode III,2005,Droid Tri-Fighter,1,148,19.2,19.2,6,2/4/05,31/12/2005
75329-1,Star Wars,Diorama Collection,2022,Death Star Trench Run Diorama,,665,28.2,26.2,7.6,26/04/2022,31/12/2023
7958-1,Star Wars,Seasonal,2011,Star Wars Advent Calendar,9,266,38.2,26.2,7.1,1/9/11,31/12/2011
75342-1,Star Wars,The Clone Wars,2022,Republic Fighter Tank,6,262,35.4,19.1,5.9,26/04/2022,31/12/2023
75328-1,Star Wars,Helmet Collection,2022,The Mandalorian Helmet,,584,19.1,35.4,9.1,1/3/22,31/12/2023
75011-1,Star Wars,Planet Set,2013,Tantive IV & Planet Alderaan,1,102,14.1,19.1,8.8,1/1/13,31/12/2013
9509-1,Star Wars,Seasonal,2012,Star Wars Advent Calendar,10,234,38.2,26.19,7.06,1/9/12,31/12/2012
75203-1,Star Wars,Episode V,2018,Hoth Medical Chamber,4,255,35.4,19.1,5.9,1/8/18,31/07/2019
75138-1,Star Wars,Episode V,2016,Hoth Attack,4,233,26.2128,19.1008,6.096,1/1/16,31/12/2016
75279-1,Star Wars,Seasonal,2020,Star Wars Advent Calendar,10,311,0,0,0,1/9/20,31/12/2020
75097-1,Star Wars,Seasonal,2015,Star Wars Advent Calendar,9,292,38.2016,26.1874,7.0612,1/9/15,31/12/2015
5002947-1,Star Wars,Episode IV,2015,Admiral Yularen,1,4,,,,,
75306-1,Star Wars,Episode V,2021,Imperial Probe Droid,,683,19.1,35.4,9.1,26/04/2021,31/12/2022
75028-1,Star Wars,Microfighters,2014,Clone Turbo Tank Microfighter,1,96,14.097,12.192,4.5974,1/1/14,31/07/2015
7668-1,Star Wars,Legends,2008,Rebel Scout Speeder,4,82,19.2,14.4,4.8,1/1/08,31/12/2009
75177-1,Star Wars,The Last Jedi,2017,First Order Heavy Scout Walker,4,554,38.2016,26.2128,5.6388,1/9/17,31/12/2018
7914-1,Star Wars,The Clone Wars,2011,Mandalorian Battle Pack,4,68,19.1,14.1,4.6,1/1/11,31/12/2012
8000-1,Star Wars,Technic,2000,Pit Droid,,223,14.4,24,7.2,1/1/00,31/12/2001
8008-1,Star Wars,Technic,2001,Stormtrooper,,361,24,33.6,6,1/1/01,31/12/2002
75165-1,Star Wars,Rogue One,2017,Imperial Trooper Battle Pack,4,112,19.1008,14.097,4.5974,1/1/17,31/12/2017
75148-1,Star Wars,The Force Awakens,2016,Encounter on Jakku,4,530,38.2016,26.2128,5.6388,1/6/16,31/12/2017
9491-1,Star Wars,The Clone Wars,2012,Geonosian Cannon,4,132,26.2,19.1,4.6,1/1/12,31/12/2013
75091-1,Star Wars,Episode I,2015,Flash Speeder,5,312,35.4076,19.1008,5.8928,1/6/15,31/12/2016
75089-1,Star Wars,Legends,2015,Geonosis Troopers,4,105,19.1008,14.097,4.5974,1/1/15,31/12/2016
75301-1,Star Wars,Episode IV,2021,Luke Skywalker's X-wing Fighter,4,474,38.2,26.2,7.1,1/1/21,31/12/2023
75168-1,Star Wars,The Clone Wars,2017,Yoda's Jedi Starfighter,2,262,26.2128,19.1008,6.096,1/1/17,31/12/2018
75139-1,Star Wars,The Force Awakens,2016,Battle on Takodana,5,409,38.2016,26.2128,5.6388,1/1/16,31/12/2017
75254-1,Star Wars,The Mandalorian,2019,AT-ST Raider,4,540,26.2,38.2,7.1,4/10/19,31/12/2021
8085-1,Star Wars,The Clone Wars,2010,Freeco Speeder,2,177,28.19,26.19,6.4,1/1/10,31/12/2011
75312-1,Star Wars,The Mandalorian,2021,Boba Fett's Starship,2,593,28.2,26.2,7.6,1/8/21,31/12/2023
75100-1,Star Wars,The Force Awakens,2015,First Order Snowspeeder,3,444,28.194,26.2128,5.8928,4/9/15,31/12/2016
75334-1,Star Wars,Obi-Wan Kenobi,2022,Obi-Wan Kenobi vs. Darth Vader,4,408,28.2,26.2,7.6,1/8/22,31/07/2024
40333-1,Star Wars,Promotional,2019,Battle of Hoth - 20th Anniversary Edition,,195,26.2,14.1,4.8,1/5/19,31/12/2019
75531-1,Star Wars,Buildable Figures,2017,Stormtrooper Commander,,100,14.097,26.2128,6.096,1/6/17,31/07/2018
75000-1,Star Wars,Episode II,2013,Clone Troopers vs. Droidekas,4,124,15.7,14.1,4.5,1/1/13,31/12/2014
75241-1,Star Wars,Episode V,2019,Action Battle Echo Base Defence,6,504,38.2,26.2,7.1,1/4/19,31/12/2020
66596-1,Star Wars,Product Collection,2018,Super Pack 2-in-1,,201,,,,,
75137-1,Star Wars,Episode V,2016,Carbon-Freezing Chamber,4,231,26.2128,19.1008,6.096,1/1/16,31/12/2017
75522-1,Star Wars,Promotional,2019,Mini Boost Droid Commander,3,62,20,19.5,0.9,1/9/19,31/12/2019
40362-1,Star Wars,Promotional,2019,Battle of Endor,,197,26.2,14.1,4.8,4/10/19,31/12/2019
20007-1,Star Wars,The Clone Wars,2009,Republic Attack Cruiser,,84,,,,,
75537-1,Star Wars,Buildable Figures,2018,Darth Maul,,104,14.1,26.2,6.1,20/04/2018,31/12/2018
75208-1,Star Wars,Episode V,2018,Yoda's Hut,3,229,26.2,19.1,6.1,20/04/2018,31/12/2019
75322-1,Star Wars,Episode V,2022,Hoth AT-ST,4,586,19.1,35.4,7,1/1/22,31/12/2023
66543-1,Star Wars,Product Collection,2016,Microfighters Super Pack 3 in 1,,268,,,,,
66555-1,Star Wars,Product Collection,2017,Super Pack 2 in 1,,232,,,,,
6252812-1,Star Wars,Promotional,2018,Luke Skywalker,,20,,,,,
75081-1,Star Wars,Episode IV,2015,T-16 Skyhopper,2,247,26.1874,19.1008,7.1882,1/1/15,31/12/2015
75305-1,Star Wars,Helmet Collection,2021,Scout Trooper Helmet,,471,19.1,35.4,9.1,26/04/2021,31/12/2022
75107-1,Star Wars,Buildable Figures,2015,Jango Fett,,85,14.097,26.2128,4.8006,4/9/15,31/12/2016
7667-1,Star Wars,Legends,2008,Imperial Dropship,4,81,19.2,14.4,4.8,1/1/08,31/12/2009
75088-1,Star Wars,The Clone Wars,2015,Senate Commando Troopers,4,106,19.1008,14.097,4.5974,1/1/15,31/12/2016
7201-1,Star Wars,Episode VI,2002,Final Duel II,3,23,14.4,14.4,3.9,1/1/02,31/12/2002
75214-1,Star Wars,The Clone Wars,2018,Anakin's Jedi Starfighter,2,247,26.2,19.1,7.2,1/8/18,31/07/2020
6965-1,Star Wars,Mini Building Set,2004,TIE Interceptor,,32,,,,,
75283-1,Star Wars,The Clone Wars,2020,Armored Assault Tank (AAT),4,286,0,0,0,1/8/20,31/12/2022
20018-1,Star Wars,Episode V,2010,AT-AT Walker,,83,,,,,
75262-1,Star Wars,Legends,2019,Imperial Dropship  – 20th Anniversary Edition,5,125,26.2,14.1,4.8,1/4/19,31/12/2019
75215-1,Star Wars,Solo,2018,Cloud-Rider Swoop Bikes,3,355,26.2,19.1,6.1,1/8/18,31/07/2019
75145-1,Star Wars,Original Content,2016,Eclipse Fighter,2,363,35.4076,19.1008,5.8928,1/6/16,31/12/2017
75111-1,Star Wars,Buildable Figures,2015,Darth Vader,,160,19.1008,26.2128,6.096,4/9/15,31/12/2017
75210-1,Star Wars,Solo,2018,Moloch's Landspeeder,2,464,28.2,26.2,7.6,20/04/2018,31/07/2019
40531-1,Star Wars,Promotional,2022,Lars Family Homestead Kitchen,1,195,26.2,14.1,6.1,1/5/22,31/12/2022
8092-1,Star Wars,Episode IV,2010,Luke's Landspeeder,6,163,28.2,26.2,4.6,1/1/10,31/12/2012
75108-1,Star Wars,Buildable Figures,2015,Clone Commander Cody,,82,14.097,26.2128,4.8006,4/9/15,31/12/2016
75184-1,Star Wars,Seasonal,2017,Star Wars Advent Calendar,8,309,38.2016,26.2128,7.0612,1/9/17,31/12/2017
4488-1,Star Wars,Mini Building Set,2003,Millennium Falcon,,87,14.4,14.4,4.4,1/6/03,1/6/04
75258-1,Star Wars,Episode I,2019,Anakin's Podracer – 20th Anniversary Edition,3,279,26.2,19.1,6.1,1/4/19,31/12/2020
75001-1,Star Wars,The Old Republic,2013,Republic Troopers vs. Sith Troopers,4,63,15.7,14.1,4.5,1/1/13,31/12/2014
66597-1,Star Wars,Product Collection,2018,2-in-1 Super Pack,,205,,,,,
75134-1,Star Wars,Battlefront,2016,Galactic Empire Battle Pack,4,109,19.1008,14.097,4.5974,1/1/16,31/12/2016
75281-1,Star Wars,Episode III,2020,Anakin's Jedi Interceptor,2,248,26.2,19.1,6.1,1/8/20,31/12/2021
75229-1,Star Wars,Episode IV,2019,Death Star Escape,4,329,26.2,19.1,7.2,1/1/19,31/12/2019
75307-1,Star Wars,Seasonal,2021,Star Wars Advent Calendar,7,335,38.2,26.2,7.1,1/9/21,31/12/2021
75146-1,Star Wars,Seasonal,2016,Star Wars Advent Calendar,11,282,38.2016,26.2128,7.0612,1/9/16,31/12/2016
9489-1,Star Wars,Episode VI,2012,Endor Rebel Trooper & Imperial Trooper Battle Pack,4,77,19.1,14.1,4.6,1/1/12,31/12/2013
75167-1,Star Wars,Original Content,2017,Bounty Hunter Speeder Bike Battle Pack,4,125,19.1008,14.097,4.5974,1/6/17,31/12/2018
75127-1,Star Wars,Microfighters,2016,The Ghost Microfighter,1,104,14.097,12.192,4.5974,1/1/16,31/12/2016
75319-1,Star Wars,The Mandalorian,2021,The Armorer's Mandalorian Forge,3,258,26.2,19.1,6.1,1/9/21,31/12/2022
9490-1,Star Wars,Episode IV,2012,Droid Escape,4,137,26.2,19.1,4.6,1/1/12,31/12/2013
75250-1,Star Wars,The Rise of Skywalker,2019,Pasaana Speeder Chase,4,373,28.2,26.2,5.9,4/10/19,31/12/2020
75245-1,Star Wars,Seasonal,2019,Star Wars Advent Calendar,9,280,38.2,26.2,7.1,1/9/19,31/12/2019
75529-1,Star Wars,Buildable Figures,2017,Elite Praetorian Guard,,92,14.097,26.2128,6.096,1/9/17,31/07/2018
75200-1,Star Wars,The Last Jedi,2018,Ahch-To Island Training,2,241,26.2,19.1,6.1,1/1/18,31/12/2019
75114-1,Star Wars,Buildable Figures,2016,First Order Stormtrooper,,81,14.097,26.2128,4.8006,1/1/16,31/12/2017
75300-1,Star Wars,Episode IV,2021,Imperial TIE Fighter,3,432,28.2,26.2,7.6,1/1/21,31/12/2023
75206-1,Star Wars,Episode II,2018,Jedi and Clone Troopers Battle Pack,4,102,19.1,14.1,4.6,20/04/2018,31/07/2019
75311-1,Star Wars,The Mandalorian,2021,Imperial Armoured Marauder,4,478,35.4,19.1,7,1/8/21,31/12/2022
5000062-1,Star Wars,Minifig Pack,2012,Darth Maul,1,7,,,,,
75118-1,Star Wars,Buildable Figures,2016,Captain Phasma,,82,14.097,26.2128,6.096,1/1/16,31/12/2017
75228-1,Star Wars,MicroFighters,2019,Escape Pod vs. Dewback Microfighters,3,177,26.2,14.1,4.8,1/1/19,31/12/2019
75213-1,Star Wars,Seasonal,2018,Star Wars Advent Calendar,8,307,38.2,26.2,7.1,1/9/18,31/12/2018
20009-1,Star Wars,The Clone Wars,2009,AT-TE Walker,,94,,,,,
75120-1,Star Wars,Buildable Figures,2016,K-2SO,,169,14.097,26.2128,6.096,30/09/2016,31/12/2017
75270-1,Star Wars,Episode IV,2020,Obi-Wan's Hut,4,200,26.2,19.1,6.1,1/1/20,31/12/2021
9676-1,Star Wars,Planet Set,2012,TIE Interceptor & Death Star,1,65,14.1,19.1,8.79,1/1/12,31/12/2012
75136-1,Star Wars,Episode IV,2016,Droid Escape Pod,4,197,26.2128,19.1008,4.5974,1/1/16,31/12/2016
75340-1,Star Wars,Seasonal,2022,Star Wars Advent Calendar,8,329,38.2,26.2,7.1,1/9/22,31/12/2022
75248-1,Star Wars,The Rise of Skywalker,2019,Resistance A-wing Starfighter,2,269,26.2,19.1,7.2,4/10/19,31/12/2020
75530-1,Star Wars,Buildable Figures,2017,Chewbacca,,179,19.1008,26.2128,6.096,1/9/17,31/12/2018
7111-1,Star Wars,Episode I,1999,Droid Fighter,,62,14.4,9.6,6,17/05/1999,31/12/2000
75109-1,Star Wars,Buildable Figures,2015,Obi-Wan Kenobi,,83,14.097,26.2128,6.096,4/9/15,31/12/2016
75209-1,Star Wars,Solo,2018,Han Solo's Landspeeder,2,345,26.2,19.1,6.1,20/04/2018,31/07/2019
4490-1,Star Wars,Mini Building Set,2003,Republic Gunship,,102,14.4,14.4,4.4,1/6/03,1/6/04
75078-1,Star Wars,Rebels,2015,Imperial Troop Transport,4,141,19.1008,14.097,4.5974,1/1/15,31/12/2016
75271-1,Star Wars,Episode IV,2020,Luke Skywalker's Landspeeder,3,236,26.2,19.1,6.1,1/1/20,31/12/2021
75269-1,Star Wars,Episode III,2020,Duel on Mustafar ,2,208,26.2,14.1,6.1,1/1/20,31/07/2021
TANTIVEIV-1,Star Wars,Promotional,2019,Tantive IV,,56,,,,,
4489-1,Star Wars,Mini Building Set,2003,AT-AT,,98,14.4,14.4,4.4,1/6/03,1/6/04
6252811-1,Star Wars,Promotional,2018,Obi-Wan Kenobi,,18,,,,,
11905-1,Star Wars,The Clone Wars,2013,Brickmaster Star Wars: Battle for the Stolen Crystals parts,2,189,,,,,
75280-1,Star Wars,The Clone Wars,2020,501st Legion Clone Troopers,6,285,26.2,19.1,6.1,1/8/20,31/12/2022
5001709-1,Star Wars,Episode II,2013,Clone Trooper Lieutenant,1,5,,,,,
40407-1,Star Wars,Promotional,2020,Death Star II Battle,,235,26.2,14.1,4.8,1/5/20,31/12/2020
8015-1,Star Wars,The Clone Wars,2009,Assassin Droids Battle Pack,5,94,19.1,14.1,4.6,1/1/09,31/12/2010
75076-1,Star Wars,Microfighters,2015,Republic Gunship Microfighter,1,105,14.097,12.192,4.5974,1/1/15,31/12/2015
75133-1,Star Wars,Battlefront,2016,Rebel Alliance Battle Pack,4,101,19.1008,14.097,4.5974,1/1/16,31/12/2016
75526-1,Star Wars,Buildable Figures,2017,Elite TIE Fighter Pilot,,94,14.097,26.2128,6.096,1/9/17,31/12/2018
75176-1,Star Wars,The Last Jedi,2017,Resistance Transport Pod,3,294,35.4076,19.1008,5.8928,1/9/17,31/12/2018
20010-1,Star Wars,The Clone Wars,2009,Republic Gunship,,94,,,,,
75117-1,Star Wars,Buildable Figures,2016,Kylo Ren,,86,14.097,26.2128,6.096,1/1/16,31/07/2018
75173-1,Star Wars,Episode IV,2017,Luke's Landspeeder,4,149,26.2,14.1,6.1,1/1/17,31/12/2018
75226-1,Star Wars,Battlefront,2019,Inferno Squad Battle Pack,4,118,19.1,14.1,4.6,1/1/19,31/12/2019
75007-1,Star Wars,Planet Set,2013,Republic Assault Ship & Planet Coruscant,1,74,14.1,19.1,8.8,1/1/13,31/12/2013
75333-1,Star Wars,Episode II,2022,Obi-Wan Kenobi's Jedi Starfighter,3,282,26.2,19.1,6.1,1/8/22,31/07/2024
75099-1,Star Wars,The Force Awakens,2015,Rey's Speeder,2,193,26.2128,14.097,4.8006,4/9/15,31/12/2017
75523-1,Star Wars,Buildable Figures,2017,Scarif Stormtrooper,,89,14.097,26.2128,6.096,1/1/17,31/12/2017
75079-1,Star Wars,Battlefront,2015,Shadow Troopers,4,95,19.1008,14.097,4.5974,1/1/15,31/12/2016
4487-1,Star Wars,Mini Building Set,2003,Jedi Starfighter & Slave I,,53,11,14.4,4.4,1/1/03,31/12/2003
75072-1,Star Wars,Microfighters,2015,ARC-170 Starfighter Microfighter,1,95,14.097,12.192,4.5974,1/1/15,31/12/2015
75235-1,Star Wars,Episode IV,2019,X-wing Starfighter Trench Run,3,132,26.2,19.1,6.1,1/1/19,31/12/2020
75237-1,Star Wars,Episode IV,2019,TIE Fighter Attack,2,77,26.2,14.1,6.1,1/1/19,31/07/2020
75110-1,Star Wars,Buildable Figures,2015,Luke Skywalker,,83,14.097,26.2128,4.8006,4/9/15,31/12/2016
75164-1,Star Wars,Rogue One,2017,Rebel Trooper Battle Pack,4,120,19.1008,14.097,4.5974,1/1/17,31/12/2017
75324-1,Star Wars,The Mandalorian,2022,Dark Trooper Attack,4,166,26.2,19.1,4.6,1/3/22,31/12/2023
75121-1,Star Wars,Buildable Figures,2016,Imperial Death Trooper,,106,14.097,26.2128,6.096,30/09/2016,31/12/2017
40451-1,Star Wars,Promotional,2021,Tatooine Homestead,,217,26.2,14.1,4.8,1/5/21,31/12/2021
75010-1,Star Wars,Planet Set,2013,B-Wing Starfighter & Planet Endor,1,83,14.1,19.1,8.8,1/1/13,31/12/2013
75236-1,Star Wars,The Force Awakens,2019,Duel on Starkiller Base,2,191,26.2,14.1,6.1,1/4/19,31/07/2020
8084-1,Star Wars,Episode V,2010,Snowtrooper Battle Pack,4,74,19.1,14.1,4.6,1/1/10,31/12/2011
4495-1,Star Wars,Mini Building Set,2004,AT-TE,,63,14.4,14.4,4.4,1/1/04,31/12/2004
40558-1,Star Wars,Episode II,2022,Clone Trooper Command Station,3,66,25,15,3.2,1/1/22,31/12/2022
75299-1,Star Wars,The Mandalorian,2021,Trouble on Tatooine,3,276,26.2,19.1,4.6,1/1/21,31/12/2022
75073-1,Star Wars,Microfighters,2015,Vulture Droid Microfighter,1,77,14.097,12.192,4.5974,1/1/15,31/12/2015
75008-1,Star Wars,Planet Set,2013,TIE Bomber & Asteroid Field,1,60,14.1,19.1,8.8,1/1/13,31/12/2013
8083-1,Star Wars,Episode V,2010,Rebel Trooper Battle Pack,4,79,19.1,14.1,4.6,1/1/10,31/12/2011
75006-1,Star Wars,Planet Set,2013,Jedi Starfighter & Planet Kamino,1,61,14.1,19.1,8.8,1/1/13,31/12/2013
30052-1,Star Wars,Episode I,2011,AAT,,46,,,,,
75034-1,Star Wars,Episode IV,2014,Death Star Troopers,4,102,19.1008,14.097,4.5974,1/1/14,31/07/2015
75238-1,Star Wars,Episode VI,2019,Action Battle Endor Assault,2,193,26.2,19.1,6.1,1/4/19,31/07/2020
9677-1,Star Wars,Planet Set,2012,X-wing Starfighter & Yavin 4,1,77,14.1,19.1,8.8,1/6/12,31/07/2013
75332-1,Star Wars,Episode VI,2022,AT-ST,3,87,20.5,19.1,6.1,1/8/22,31/12/2023
75077-1,Star Wars,Microfighters,2015,Homing Spider Droid Microfighter,1,102,14.097,12.192,4.5974,1/1/15,31/12/2015
75207-1,Star Wars,Solo,2018,Imperial Patrol Battle Pack,4,99,19.1,14.1,4.6,20/04/2018,31/12/2018
75225-1,Star Wars,The Last Jedi,2019,Elite Praetorian Guard Battle Pack,5,109,19.1,14.1,4.6,1/1/19,31/12/2019
20019-1,Star Wars,Episode V,2011,Slave I,,76,,,,,
75198-1,Star Wars,Episode IV,2018,Tatooine Battle Pack,4,97,19.1,14.1,4.6,1/1/18,31/12/2018
5005376-1,Star Wars,Promotional,2018,Star Wars Anniversary Pod,1,37,,,,,
30006-1,Star Wars,The Clone Wars,2009,Clone Walker,1,31,,,,,
75032-1,Star Wars,Microfighters,2014,X-wing Fighter Microfighter,1,97,14.097,12.192,4.5974,1/1/14,31/07/2015
75166-1,Star Wars,The Force Awakens,2017,First Order Transport Speeder Battle Pack,4,117,19.1008,14.097,4.5974,1/6/17,31/12/2018
40557-1,Star Wars,Episode V,2022,Defence of Hoth,3,64,25,15,3.2,1/1/22,31/12/2022
4492-1,Star Wars,Mini Building Set,2004,Star Destroyer,,87,14.4,14.4,4.4,1/1/04,31/12/2004
75196-1,Star Wars,MicroFighters,2018,A-Wing vs. TIE Silencer Microfighters,2,188,26.2,14.1,4.8,1/1/18,31/12/2019
4494-1,Star Wars,Mini Building Set,2004,Imperial Shuttle,,82,14.4,14.4,4.4,1/1/04,31/12/2004
75030-1,Star Wars,Microfighters,2014,Millennium Falcon Microfighter,1,94,14.097,12.192,4.5974,1/1/14,31/07/2015
4493-1,Star Wars,Mini Building Set,2004,Sith Infiltrator,,55,14.4,14.4,4.4,1/1/04,31/12/2004
75265-1,Star Wars,Microfighters,2020,T-16 Skyhopper vs Bantha Microfighters,2,198,26.2,14.1,4.8,1/1/20,31/12/2020
75239-1,Star Wars,Episode V,2019,Hoth Generator Attack,2,235,26.2,19.1,6.1,1/4/19,31/07/2020
30058-1,Star Wars,Episode I,2012,STAP,1,24,,,,,
75131-1,Star Wars,The Force Awakens,2016,Resistance Trooper Battle Pack,4,112,19.1008,14.097,4.5974,1/1/16,31/12/2017
75535-1,Star Wars,Buildable Figures,2018,Han Solo,,101,14.1,26.2,6.1,20/04/2018,31/12/2018
75528-1,Star Wars,Buildable Figures,2017,Rey,,85,14.097,26.2128,6.096,1/9/17,31/07/2018
75029-1,Star Wars,Microfighters,2014,AAT Microfighter,1,95,14.097,12.192,4.5974,1/1/14,31/12/2014
75197-1,Star Wars,The Last Jedi,2018,First Order Specialists Battle Pack,4,108,19.1,14.1,4.6,1/1/18,31/12/2018
40176-1,Star Wars,Rogue One,2017,Scarif Stormtrooper,1,25,14,14,0.9,1/7/17,31/12/2017
75130-1,Star Wars,Microfighters,2016,AT-DP Microfighter,1,76,14.097,12.192,4.5974,1/1/16,31/12/2016
75033-1,Star Wars,Microfighters,2014,Star Destroyer Microfighter,1,97,14.097,12.192,4.5974,1/1/14,31/12/2014
75246-1,Star Wars,Episode IV,2019,Death Star Cannon,2,159,26.2,14.1,6.1,4/10/19,31/12/2020
20021-1,Star Wars,The Clone Wars,2011,Bounty Hunter Assault Gunship,,81,,,,,
4486-1,Star Wars,Mini Building Set,2003,AT-ST & Snowspeeder,,76,11,14.4,4.4,1/1/03,31/12/2003
11912-1,Star Wars,Book Parts,2016,Parts for LEGO Star Wars: Build Your Own Adventure,1,73,,,,,
11920-1,Star Wars,Book Parts,2019,Star Wars: Build Your Own Adventure Galactic Missions parts,1,66,,,,,
30611-1,Star Wars,Promotional,2017,R2-D2,,70,20,19.5,0.9,1/1/17,31/12/2017
75247-1,Star Wars,Episode VI,2019,Rebel A-wing Starfighter,2,62,19.1,14.1,6.1,1/1/19,31/12/2019
75195-1,Star Wars,MicroFighters,2018,Ski Speeder vs. First Order Walker Microfighters,2,216,26.2,14.1,4.8,1/1/18,31/12/2018
9679-1,Star Wars,Planet Set,2012,AT-ST & Endor,1,65,14.1,19.1,8.8,1/6/12,31/07/2013
75268-1,Star Wars,Episode V,2020,Snowspeeder,2,91,26.2,14.1,6.1,1/1/20,31/07/2021
75264-1,Star Wars,Microfighters,2020,Kylo Ren's Shuttle Microfighter,1,72,14.1,12.2,4.6,1/1/20,31/12/2020
75310-1,Star Wars,The Clone Wars,2021,Duel on Mandalore,2,147,26.2,14.1,4.8,1/8/21,31/12/2022
75320-1,Star Wars,Episode V,2022,Snowtrooper Battle Pack,4,105,19.1,14.1,4.6,1/1/22,31/12/2023
4484-1,Star Wars,Mini Building Set,2003,X-Wing Fighter & TIE Advanced,,76,11,14.4,4.4,1/1/03,31/12/2003
6967-1,Star Wars,Episode III,2005,ARC  Fighter,,42,14,14,0,1/2/05,31/12/2005
75132-1,Star Wars,The Force Awakens,2016,First Order Battle Pack,4,88,19.1008,14.097,4.5974,1/1/16,31/12/2017
75129-1,Star Wars,Microfighters,2016,Wookiee Gunship Microfighter,1,84,14.097,12.192,4.5974,1/1/16,31/12/2017
75267-1,Star Wars,The Mandalorian,2020,Mandalorian Battle Pack,4,102,19.1,14.1,4.6,1/1/20,31/12/2021
75298-1,Star Wars,MicroFighters,2021, AT-AT vs. Tauntaun Microfighters,2,205,26.2,14.1,4.8,1/3/21,31/12/2022
9675-1,Star Wars,Planet Set,2012,Sebulba's Podracer & Tatooine,1,80,14.1,19.1,8.79,1/1/12,31/12/2012
75224-1,Star Wars,MicroFighters,2019,Sith Infiltrator Microfighter,1,92,14.1,12.2,4.6,1/1/19,31/12/2019
5002122-1,Star Wars,Minifig Pack,2014,TC-4,1,3,,,,,
75266-1,Star Wars,The Rise of Skywalker,2020,Sith Troopers Battle Pack,4,105,19.1,14.1,4.6,1/1/20,31/07/2021
6252770-1,Star Wars,Promotional,2018,Leia Organa,,18,,,,,
75115-1,Star Wars,Buildable Figures,2016,Poe Dameron,,102,14.097,26.2128,6.096,1/1/16,31/12/2016
75162-1,Star Wars,Microfighters,2017,Y-wing Microfighter,1,90,14.097,12.192,4.5974,1/1/17,31/12/2017
75297-1,Star Wars,The Force Awakens,2021,Resistance X-wing Starfighter,2,60,26.2,14.1,4.8,1/3/21,31/12/2022
20016-1,Star Wars,Mini Building Set,2010,Imperial Shuttle,,70,,,,,
75524-1,Star Wars,Buildable Figures,2017,Chirrut Îmwe,,87,14.097,26.2128,6.096,1/1/17,31/12/2017
30057-1,Star Wars,Episode I,2012,Anakin's Podracer,,38,,,,,
40288-1,Star Wars,Promotional,2018,BB-8,,48,17,17,1,15/04/2018,31/12/2018
75074-1,Star Wars,Microfighters,2015,Snowspeeder Microfighter,1,97,14.097,12.192,4.5974,1/1/15,31/12/2016
4485-1,Star Wars,Mini Building Set,2003,Sebulba's Podracer & Anakin's Podracer,,72,11,14.4,4.4,1/1/03,31/12/2003
40299-1,Star Wars,Solo,2018,Kessel Mine Worker,1,22,14,14,0.7,1/6/18,31/12/2018
75031-1,Star Wars,Microfighters,2014,TIE Interceptor Microfighter,1,92,14.097,12.192,4.5974,1/1/14,31/07/2015
30004-1,Star Wars,The Clone Wars,2009,Battle Droid on STAP,1,28,,,,,
75193-1,Star Wars,MicroFighters,2018,Millennium Falcon Microfighter,1,92,14.1,12.2,4.6,1/1/18,31/07/2019
75125-1,Star Wars,Microfighters,2016,Resistance X-wing Fighter Microfighter,1,87,14.097,12.192,4.5974,1/1/16,31/12/2017
75075-1,Star Wars,Microfighters,2015,AT-AT Microfighter,1,88,14.097,12.192,4.5974,1/1/15,31/12/2016
4491-1,Star Wars,Mini Building Set,2003,MTT,,99,14.4,14.4,4.4,1/6/03,1/6/04
30051-1,Star Wars,Mini Building Set,2010,Mini X-wing,,61,17,17,1,1/1/10,31/12/2011
75160-1,Star Wars,MicroFighters,2017,U-wing Microfighter,1,109,14.097,12.192,4.5974,1/1/17,31/12/2018
75128-1,Star Wars,MicroFighters,2016,TIE Advanced Prototype Microfighter,1,93,14.097,12.192,4.5974,1/1/16,31/12/2017
9674-1,Star Wars,Planet Set,2012,Naboo Starfighter & Naboo,1,56,14.1,19.1,8.79,1/1/12,31/12/2012
30005-1,Star Wars,Episode VI,2009,Imperial Speeder Bike,1,33,,,,,
75116-1,Star Wars,Buildable Figures,2016,Finn,,98,14.097,26.2128,6.096,1/1/16,31/12/2017
75223-1,Star Wars,MicroFighters,2019,Naboo Starfighter Microfighter,1,62,14.1,12.2,4.6,1/1/19,31/12/2019
911719-1,Star Wars,Magazine Gift,2017,Kanan Jarrus,1,6,,,,,
30241-1,Star Wars,The Clone Wars,2013,Mandalorian Fighter,,49,17,17,0.8,1/1/13,31/12/2013
75194-1,Star Wars,Microfighters,2018,First Order TIE Fighter Microfighter,1,91,14.1,12.2,4.6,1/1/18,31/07/2019
75263-1,Star Wars,Microfighters,2020,Resistance Y-wing Microfighter,1,86,14.1,12.2,4.6,1/1/20,31/12/2020
75163-1,Star Wars,Microfighters,2017,Krennic's Imperial Shuttle Microfighter,1,78,14.097,12.192,4.5974,1/1/17,31/12/2017
75113-1,Star Wars,Buildable Figures,2016,Rey,,84,14.097,26.2128,4.8006,1/1/16,31/12/2016
40300-1,Star Wars,Solo,2018,Han Solo Mudtrooper,1,22,14,14,0.6,1/6/18,31/12/2018
30059-1,Star Wars,The Clone Wars,2012,MTT,,51,,,,,
75525-1,Star Wars,Buildable Figures,2017,Baze Malbus,,148,14.097,26.2128,7.2136,1/1/17,31/12/2017
9678-1,Star Wars,Planet Set,2012,Twin-Pod Cloud Car & Bespin,1,78,14.1,19.1,8.8,1/6/12,31/07/2013
75161-1,Star Wars,MicroFighters,2017,TIE Striker Microfighter,1,88,14.097,12.192,4.5974,1/1/17,31/07/2018
30624-1,Star Wars,Episode IV,2019,Obi-Wan Kenobi - Collectable Minifigure,1,12,14,14,0.6,1/12/19,31/12/2019
75126-1,Star Wars,Microfighters,2016,First Order Snowspeeder Microfighter,1,91,14.097,12.192,4.5974,1/1/16,31/12/2017
30602-1,Star Wars,The Force Awakens,2016,First Order Stormtrooper,1,7,,,,,
30246-1,Star Wars,Episode VI,2014,Imperial Shuttle,,57,17,19.5,0.9,1/1/14,31/12/2014
30242-1,Star Wars,The Clone Wars,2013,Republic Frigate,,45,17,17,0.7,1/1/13,31/12/2013
30054-1,Star Wars,Episode VI,2011,AT-ST,,46,,,,,
30247-1,Star Wars,Episode III,2014,ARC-170 Starfighter,,54,17,19.5,0.7,1/1/14,31/12/2014
8033-1,Star Wars,The Clone Wars,2009,General Grievous' Starfighter,,44,17,14,0,1/1/09,31/12/2010
5002938-1,Star Wars,Rebels,2015,Stormtrooper Sergeant,1,5,,,,,
75295-1,Star Wars,MicroFighters,2021,Millennium Falcon Microfighter,1,101,14.1,12.2,4.6,1/1/21,31/12/2022
75321-1,Star Wars,Microfighters,2022,The Razor Crest Microfighter,1,98,14.1,12.2,4.6,1/1/22,31/12/2022
6966-1,Star Wars,Episode III,2005,Jedi Starfighter,,38,14,14,2,1/2/05,31/12/2005
5001621-1,Star Wars,Episode V,2013,Han Solo (Hoth),1,5,,,,,
911721-1,Star Wars,Magazine Gift,2017,Imperial Combat Driver,1,5,,,,,
8031-1,Star Wars,The Clone Wars,2008,V-19 Torrent,,66,17,17,1,1/6/08,31/12/2009
5002948-1,Star Wars,The Force Awakens,2015,C-3PO,1,3,,,,,
912169-1,Star Wars,Magazine Gift,2021,Emperor Palpatine,1,7,,,,,
30272-1,Star Wars,Episode VI,2015,A-Wing Starfighter,,58,17,19.5,0.9,1/1/15,31/12/2015
30050-1,Star Wars,The Clone Wars,2010,Republic Attack Shuttle,,54,17,17,1,1/1/10,31/12/2010
40268-1,Star Wars,Rogue One,2017,R3-M2,1,21,14,14,0.9,1/1/17,31/12/2017
912168-1,Star Wars,Magazine Gift,2021,Mandalorian,1,8,,,,,
30605-1,Star Wars,The Force Awakens,2016,Finn (FN-2187),1,5,,,,,
912065-1,Star Wars,Magazine Gift,2020,Luke Skywalker,1,7,,,,,
5002939-1,Star Wars,Rebels,2015,The Phantom,,25,,,,,
3219-1,Star Wars,Mini Building Set,2002,Mini TIE Fighter,,12,14,14,1,1/11/02,31/12/2003
912173-1,Star Wars,Magazine Gift,2021,Rey and BB-8,2,8,,,,,
912286-1,Star Wars,Magazine Gift,2022,Mandalorian Warrior,1,7,,,,,
30277-1,Star Wars,The Force Awakens,2016,First Order Star Destroyer,,56,17,19.5,0.9,1/1/16,31/12/2016
30244-1,Star Wars,Episode III,2014,Anakin's Jedi Interceptor,,45,17,19.5,1,1/1/14,31/12/2014
912289-1,Star Wars,Magazine Gift,2022,Princess Leia,1,5,,,,,
912062-1,Star Wars,Magazine Gift,2020,Stormtrooper,1,5,,,,,
30053-1,Star Wars,The Clone Wars,2011,Republic Attack Cruiser,,41,,,,,
911720-1,Star Wars,Magazine Gift,2017,The Ghost,,50,,,,,
911607-1,Star Wars,Magazine Gift,2016,Millennium Falcon,,42,,,,,
30056-1,Star Wars,Mini Building Set,2012,Star Destroyer,,38,,,,,
75119-1,Star Wars,Buildable Figures,2016,Sergeant Jyn Erso,,104,14.097,26.2128,6.096,30/09/2016,31/12/2017
912059-1,Star Wars,Magazine Gift,2020,Elite Praetorian Guard,1,7,,,,,
30381-1,Star Wars,Solo,2018,Imperial TIE Fighter,,42,17,17,1,20/04/2018,31/12/2019
30461-1,Star Wars,Episode I,2019,Podracer,,58,17,19.5,0.7,1/4/19,31/08/2019
30243-1,Star Wars,The Clone Wars,2013,Umbaran MHC,,49,14,14,1.2,1/1/13,31/12/2013
912281-1,Star Wars,Magazine Gift,2022,Clone Trooper,1,5,,,,,
911612-1,Star Wars,Magazine Gift,2016,Acklay,,49,,,,,
912285-1,Star Wars,Magazine Gift,2022,Darth Maul,1,3,,,,,
30497-1,Star Wars,The Last Jedi,2017,First Order Heavy Assault Walker,,54,17,17,0.9,1/9/17,31/12/2018
30278-1,Star Wars,The Force Awakens,2016,Poe's X-wing Fighter,,64,17,19.5,0.7,1/1/16,31/12/2016
911726-1,Star Wars,Magazine Gift,2017,Imperial Snowtrooper,1,5,,,,,
30274-1,Star Wars,Rebels,2015,AT-DP,,65,17,19.5,0.8,1/1/15,31/12/2015
30383-1,Star Wars,Episode I,2019,Naboo Starfighter,,48,17,17,1,1/4/19,31/12/2020
40298-1,Star Wars,The Last Jedi,2018,DJ,1,22,14,14,0.8,1/1/18,31/12/2018
911611-1,Star Wars,Magazine Gift,2016,AAT,,37,,,,,
30496-1,Star Wars,Rogue One,2017,U-Wing Fighter,,55,17,17,0.8,1/1/17,31/12/2018
30386-1,Star Wars,The Rise of Skywalker,2020,Poe Dameron's X-wing Fighter,,72,17,17,0.8,1/1/20,31/12/2020
30388-1,Star Wars,Episode VI,2021,Imperial Shuttle,,85,20,19.5,1.2,1/1/21,31/12/2021
30240-1,Star Wars,The Clone Wars,2013,Z-95 Headhunter,,54,17,17,0.8,1/1/13,31/12/2013
5004408-1,Star Wars,Rebels,2016,Rebel A-wing Pilot,1,5,,,,,
30276-1,Star Wars,The Force Awakens,2015,First Order Special Forces TIE Fighter,,41,17,19.5,0.8,4/9/15,31/12/2015
911943-1,Star Wars,Magazine Gift,2019,Luke Skywalker,1,6,,,,,
911839-1,Star Wars,Magazine Gift,2018,Obi-Wan Kenobi,1,6,,,,,
30055-1,Star Wars,Mini Building Set,2011,Vulture Droid,,42,14,17,1.5,1/1/11,31/12/2011
5004406-1,Star Wars,The Force Awakens,2016,First Order General,1,4,,,,,
30275-1,Star Wars,Rebels,2015,TIE Advanced Prototype,,47,17,19.5,0.8,1/1/15,31/12/2015
30279-1,Star Wars,The Force Awakens,2016,Kylo Ren's Command Shuttle,,43,17,19.5,0.8,1/1/16,31/12/2016
30384-1,Star Wars,Episode V,2019,Snowspeeder,,49,17,17,1.1,1/4/19,31/12/2020
912287-1,Star Wars,Magazine Gift,2022,Mandalorian Starfighter,,31,,,,,
911508-1,Star Wars,Magazine Gift,2015,Slave I,,20,,,,,
912283-1,Star Wars,Magazine Gift,2022,Tusken Raider,1,4,,,,,
911728-1,Star Wars,Magazine Gift,2017,First Order Snowspeeder,,44,,,,,
30498-1,Star Wars,Solo,2018,Imperial AT-Hauler,,49,17,17,0.8,1/8/18,31/12/2019
30380-1,Star Wars,The Last Jedi,2018,Kylo Ren's Shuttle,,33,17,17,0.8,1/1/18,31/12/2018
912057-1,Star Wars,Magazine Gift,2020,R2-D2 and MSE-6,2,13,,,,,
912288-1,Star Wars,Magazine Gift,2022,TIE Whisper,,34,,,,,
911951-1,Star Wars,Magazine Gift,2019,First Order Stormtrooper ,1,5,,,,,
912174-1,Star Wars,Magazine Gift,2021,Sith Trooper,1,5,,,,,
912280-1,Star Wars,Magazine Gift,2021,Millennium Falcon,,41,,,,,
912177-1,Star Wars,Magazine Gift,2021,Resistance A-wing,,45,,,,,
912284-1,Star Wars,Magazine Gift,2022,Razor Crest,,41,,,,,
TRULEIA-1,Star Wars,Promotional,2017,Princess Leia,,18,,,,,
912179-1,Star Wars,Magazine Gift,2021,Snowtrooper,1,5,,,,,
912178-1,Star Wars,Magazine Gift,2021,Republic Gunship,,51,,,,,
911832-1,Star Wars,Magazine Gift,2018,Imperial Shuttle Pilot,1,5,,,,,
911506-1,Star Wars,Magazine Gift,2015,Snowspeeder,,19,,,,,
911729-1,Star Wars,Magazine Gift,2017,Droid Gunship,,25,,,,,
8028-1,Star Wars,Mini Building Set,2008,TIE Fighter,,44,14,14,1.2,1/1/08,31/12/2013
911510-1,Star Wars,Magazine Gift,2015,Star Destroyer and TIE Fighter,,21,,,,,
911730-1,Star Wars,Magazine Gift,2017,Y-Wing,,60,,,,,
911618-1,Star Wars,Magazine Gift,2017,Flash Speeder,,43,,,,,
912282-1,Star Wars,Magazine Gift,2022,AT-AT,,52,,,,,
911840-1,Star Wars,Magazine Gift,2018,Droideka,1,24,,,,,
911722-1,Star Wars,Magazine Gift,2017,TIE Advanced,,26,,,,,
911835-1,Star Wars,Magazine Gift,2018,Dwarf Spider Droid,1,23,,,,,
912176-1,Star Wars,Magazine Gift,2021,Clone Turbo Tank,,57,,,,,
912170-1,Star Wars,Magazine Gift,2021,V-wing,,45,,,,,
911617-1,Star Wars,Magazine Gift,2016,Palpatine's Shuttle,,37,,,,,
911724-1,Star Wars,Magazine Gift,2017,A-wing,,47,,,,,
911613-1,Star Wars,Magazine Gift,2016,TIE Bomber,,26,,,,,
912175-1,Star Wars,Magazine Gift,2021,AT-ST Raider,,53,,,,,
30495-1,Star Wars,Episode V,2022,AT-ST,,79,17,17,1.7,1/1/22,31/12/2022
911953-1,Star Wars,Magazine Gift,2019,First Order SF TIE Fighter,,32,,,,,
911723-1,Star Wars,Magazine Gift,2017,Vulture Droid,,35,,,,,
911950-1,Star Wars,Magazine Gift,2019,B-wing,,52,,,,,
911609-1,Star Wars,Magazine Gift,2016,Naboo Starfighter,,34,,,,,
912066-1,Star Wars,Magazine Gift,2020,Jedi Interceptor,,33,,,,,
912061-1,Star Wars,Magazine Gift,2020,AT-AT,,51,,,,,
912064-1,Star Wars,Magazine Gift,2020,TIE Dagger,,37,,,,,
912067-1,Star Wars,Magazine Gift,2020,TIE Interceptor,,42,,,,,
911948-1,Star Wars,Magazine Gift,2019,AT-M6,,52,,,,,
912172-1,Star Wars,Magazine Gift,2021,Jedi Starfighter,,29,,,,,
911608-1,Star Wars,Magazine Gift,2016,Landspeeder,,37,,,,,
912058-1,Star Wars,Magazine Gift,2020,Sith Infiltrator,,34,,,,,
911945-1,Star Wars,Magazine Gift,2019,Slave I,,31,,,,,
911946-1,Star Wars,Magazine Gift,2019,U-wing,,37,,,,,
912063-1,Star Wars,Magazine Gift,2020,Resistance X-wing,,42,,,,,
911615-1,Star Wars,Magazine Gift,2016,AT-AT,,48,,,,,
912171-1,Star Wars,Magazine Gift,2021,TIE Bomber,,28,,,,,
911614-1,Star Wars,Magazine Gift,2016,Yoda's Hut,,29,,,,,
911947-1,Star Wars,Magazine Gift,2019,IG-88,1,11,,,,,
911616-1,Star Wars,Magazine Gift,2016,MTT,,45,,,,,
912060-1,Star Wars,Magazine Gift,2020,A-wing,,44,,,,,
911842-1,Star Wars,Magazine Gift,2018,Star Destroyer,,35,,,,,
911509-1,Star Wars,Magazine Gift,2015,Imperial Shooter,,20,,,,,
911725-1,Star Wars,Magazine Gift,2017,Sandcrawler,,50,,,,,
911954-1,Star Wars,Magazine Gift,2019,Kylo Ren's TIE Silencer,,33,,,,,
911834-1,Star Wars,Magazine Gift,2018,Finn,1,5,,,,,
911837-1,Star Wars,Magazine Gift,2018,AT-ST,,48,,,,,
911511-1,Star Wars,Magazine Gift,2015,Jedi Weapon Stand,,16,,,,,
911831-1,Star Wars,Magazine Gift,2018,Kylo Ren's Shuttle,,21,,,,,
911838-1,Star Wars,Magazine Gift,2018,Probe Droid,1,26,,,,,
911949-1,Star Wars,Magazine Gift,2019,Millennium Falcon,,32,,,,,
911841-1,Star Wars,Magazine Gift,2018,Poe Dameron's X-Wing,,48,,,,,
911836-1,Star Wars,Magazine Gift,2018,Quadjumper,,42,,,,,
912056-1,Star Wars,Magazine Gift,2020,TIE Striker,,28,,,,,
911727-1,Star Wars,Magazine Gift,2017,Rey's Speeder,,35,,,,,
911952-1,Star Wars,Magazine Gift,2019,Jedi Interceptor,,30,,,,,
911944-1,Star Wars,Magazine Gift,2019,Resistance Bomber,,37,,,,,
911833-1,Star Wars,Magazine Gift,2018,Imperial Shuttle,,36,,,,,
912055-1,Star Wars,Magazine Gift,2020,Snowspeeder,,28,,,,,
911610-1,Star Wars,Magazine Gift,2016,Probe Droid,1,19,,,,,
6968-1,Star Wars,Episode III,2005,Wookiee Attack,,48,,,,,
8029-1,Star Wars,Episode V,2008,Mini Snowspeeder,,66,,,,,
65707-1,Star Wars,Product Collection,2004,Bonus/Value Pack,,363,,,,,
65828-1,Star Wars,Product Collection,2005,Bonus/Value Pack,,244,,,,,
65844-1,Star Wars,Product Collection,2005,Bonus/Value Pack,,280,,,,,
65845-1,Star Wars,Product Collection,2005,Bonus/Value Pack,,371,,,,,
66142-1,Star Wars,Product Collection,2006,Bonus/Value Pack,,302,,,,,
66150-1,Star Wars,Product Collection,2006,Bonus/Value Pack,,396,,,,,
66221-1,Star Wars,Product Collection,2006,Bonus/Value Pack,,437,,,,,
66708-1,Star Wars,Product Collection,2022,Galactic Adventures Pack,,901,,,,,
75303-1,Star Wars,Ultimate Collector Series,2022,{?},,,,,,,
2853835-1,Star Wars,Minifig Pack,2010,White Boba Fett Figure,1,5,,,,,
4547551-1,Star Wars,Minifig Pack,2009,Chrome  Darth Vader,1,7,,,,,
6346097-1,Star Wars,Promotional,2020,Yoda's Lightsaber,,140,,,,,
6382975-1,Star Wars,Promotional,2019,Tantive IV,,56,,,,,
BOBAFETT1-1,Star Wars,Promotional,2010,White Boba Fett minifig and Star Wars book,,5,,,,,
FANEXPO2015-1,Star Wars,Promotional,2015,Tatooine Mini Build,,178,,,,,
LUKE-1,Star Wars,Promotional,2019,Luke Skywalker,,87,,,,,
MAY2013-1,Star Wars,Original Content,2013,Holocron Droid,,31,,,,,
NYCC2013-1,Star Wars,Promotional,2013,Yoda Display Box,,,,,,,
PORG-1,Star Wars,Promotional,2018,Porg,,75,,,,,
PROMOSW002-1,Star Wars,Promotional,2005,Anakin Skywalker (International Toy Fair 2005 Exclusive Figure),,,,,,,
PROMOSW003-1,Star Wars,Promotional,2005,Luminara Unduli (International Toy Fair 2005 Exclusive Figure),,,,,,,
PROMOSW004-1,Star Wars,Promotional,2007,Star Wars Celebration IV Exclusive,,26,,,,,
PROMOSW005-1,Star Wars,Promotional,2008,Han Solo / Indiana Jones Transformation ,2,64,,,,,
PROMOSW007-1,Star Wars,Promotional,2011,Star Wars Miniland Figures (Toy Fair 2011 Collector's Party) ,,140,,,,,
SDCC2015-2,Star Wars,Promotional,2015,Dagobah Mini Build,1,177,,,,,
SWCOMIC1-1,Star Wars,Magazine Gift,2015,X-wing,,23,,,,,
SWMF-1,Star Wars,Promotional,2017,Millennium Falcon,,20,,,,,
TRU03-1,Star Wars,Original Content,2013,Mini Jek-14 Stealth Fighter,,40,,,,,
TRUBB8-1,Star Wars,Promotional,2017,BB 8,,39,,,,,
TRUGHOST-1,Star Wars,Promotional,2014,Star Wars Rebel Micro Ghost,,42,,,,,
TRUSWMF-2,Star Wars,Promotional,2018,Millennium Falcon,,,,,,,
TRUTIE-1,Star Wars,Promotional,2014,TIE Fighter,,12,,,,,
TRUWOOKIEE-1,Star Wars,Promotional,2015,Wookiee Gunship,,41,,,,,
TRUXWING-1,Star Wars,Promotional,2014,X-wing,,23,,,,,
TRUXWING-2,Star Wars,Promotional,2015,Poe's X-wing Fighter,,27,,,,,
XWING-1,Star Wars,Promotional,2019,Mini X-wing Fighter,,60,,,,,
XWING-2,Star Wars,Promotional,2019,X-wing,,,,,,,
